value,voltage
256,0.016113527122911423
256,0.00966811627374685
192,0.006445410849164568
64,0.0
0,0.0
0,0.0
0,0.003222705424582284
64,0.003222705424582284
64,0.003222705424582284
0,0.0
0,0.0
64,0.00966811627374685
256,0.012890821698329136
256,0.00966811627374685
192,0.006445410849164568
64,0.0
0,0.0
0,0.0
0,0.0
0,0.0
0,0.0
0,0.0
0,0.0
0,0.0
128,0.00966811627374685
256,0.012890821698329136
192,0.006445410849164568
128,0.003222705424582284
0,0.0
0,0.0
0,0.0
0,0.0
0,0.0
0,0.0
0,0.0
0,0.0
0,0.006445410849164568
192,0.012890821698329136
256,0.012890821698329136
192,0.006445410849164568
128,0.003222705424582284
0,0.0
0,0.0
0,0.0
0,0.0
0,0.0
0,0.0
0,0.0
0,0.0
64,0.006445410849164568
192,0.012890821698329136
256,0.00966811627374685
128,0.006445410849164568
64,0.0
0,0.0
0,0.0
0,0.0
0,0.0
0,0.0
0,0.0
0,0.0
0,0.0
128,0.00966811627374685
256,0.012890821698329136
256,0.00966811627374685
128,0.006445410849164568
64,0.0
0,0.0
0,0.0
0,0.0
0,0.0
0,0.0
0,0.0
0,0.0
0,0.0
128,0.00966811627374685
256,0.012890821698329136
192,0.00966811627374685
128,0.006445410849164568
64,0.0
0,0.0
0,0.0
0,0.0
0,0.0
0,0.0
0,0.0
0,0.0
0,0.0
128,0.00966811627374685
256,0.012890821698329136
192,0.00966811627374685
128,0.006445410849164568
0,0.0
0,0.0
0,0.0
0,0.0
0,0.0
0,0.0
0,0.0
0,0.0
0,0.003222705424582284
192,0.012890821698329136
256,0.012890821698329136
192,0.006445410849164568
128,0.003222705424582284
0,0.0
0,0.0
0,0.0
0,0.0
0,0.0
0,0.0
0,0.0
0,0.0
64,0.006445410849164568
256,0.012890821698329136
256,0.00966811627374685
192,0.006445410849164568
64,0.0
0,0.0
0,0.0
0,0.0
0,0.0
0,0.0
0,0.0
192,0.012890821698329136
256,0.00966811627374685
128,0.006445410849164568
64,0.0
0,0.0
0,0.0
0,0.0
0,0.0
0,0.0
0,0.0
0,0.006445410849164568
192,0.012890821698329136
192,0.006445410849164568
128,0.003222705424582284
0,0.0
0,0.0
0,0.0
0,0.0
0,0.0
0,0.0
0,0.0
0,0.0
0,0.00966811627374685
256,0.012890821698329136
192,0.00966811627374685
128,0.006445410849164568
64,0.0
0,0.0
0,0.0
0,0.0
0,0.0
0,0.0
0,0.0
0,0.0
0,0.003222705424582284
192,0.012890821698329136
256,0.012890821698329136
192,0.00966811627374685
128,0.006445410849164568
0,0.0
0,0.0
0,0.0
0,0.0
0,0.0
0,0.0
0,0.0
0,0.0
0,0.006445410849164568
192,0.012890821698329136
256,0.012890821698329136
192,0.006445410849164568
128,0.003222705424582284
0,0.0
0,0.0
0,0.0
0,0.0
0,0.0
0,0.0
0,0.0
0,0.0
0,0.006445410849164568
192,0.012890821698329136
256,0.012890821698329136
192,0.006445410849164568
128,0.003222705424582284
0,0.0
0,0.0
0,0.0
0,0.0
0,0.0
0,0.0
0,0.0
0,0.0
0,0.006445410849164568
192,0.012890821698329136
256,0.00966811627374685
128,0.006445410849164568
64,0.0
0,0.0
0,0.0
0,0.0
0,0.0
0,0.0
0,0.0
0,0.0
0,0.0
128,0.00966811627374685
256,0.012890821698329136
192,0.00966811627374685
128,0.006445410849164568
64,0.0
0,0.0
0,0.0
0,0.0
0,0.0
0,0.0
0,0.0
0,0.0
0,0.003222705424582284
128,0.00966811627374685
256,0.012890821698329136
192,0.00966811627374685
128,0.006445410849164568
0,0.0
0,0.0
0,0.0
0,0.0
0,0.0
0,0.0
0,0.0
0,0.0
0,0.003222705424582284
192,0.012890821698329136
256,0.012890821698329136
192,0.006445410849164568
128,0.003222705424582284
0,0.0
0,0.0
0,0.0
0,0.0
0,0.0
0,0.0
0,0.0
0,0.0
0,0.006445410849164568
192,0.012890821698329136
256,0.012890821698329136
192,0.006445410849164568
128,0.0
0,0.0
0,0.0
0,0.0
0,0.0
0,0.0
0,0.0
0,0.0
0,0.006445410849164568
192,0.012890821698329136
256,0.012890821698329136
192,0.006445410849164568
128,0.003222705424582284
0,0.0
0,0.0
0,0.0
0,0.0
0,0.0
0,0.0
0,0.0
0,0.0
64,0.00966811627374685
256,0.012890821698329136
256,0.00966811627374685
128,0.006445410849164568
64,0.0
0,0.0
0,0.0
0,0.0
0,0.0
0,0.0
0,0.0
0,0.0
0,0.003222705424582284
128,0.00966811627374685
256,0.012890821698329136
192,0.006445410849164568
128,0.003222705424582284
0,0.0
0,0.0
0,0.0
0,0.0
0,0.0
0,0.0
0,0.0
0,0.0
0,0.003222705424582284
192,0.012890821698329136
256,0.012890821698329136
192,0.006445410849164568
128,0.003222705424582284
0,0.0
0,0.0
0,0.0
0,0.0
0,0.0
0,0.0
0,0.0
0,0.0
128,0.00966811627374685
256,0.012890821698329136
192,0.006445410849164568
128,0.003222705424582284
0,0.0
0,0.0
0,0.0
0,0.0
0,0.0
0,0.0
0,0.0
0,0.0
0,0.003222705424582284
192,0.012890821698329136
256,0.012890821698329136
192,0.006445410849164568
128,0.003222705424582284
0,0.0
0,0.0
0,0.0
0,0.0
0,0.0
0,0.0
0,0.0
0,0.0
0,0.006445410849164568
192,0.012890821698329136
256,0.00966811627374685
192,0.006445410849164568
128,0.003222705424582284
0,0.0
0,0.0
0,0.0
0,0.0
0,0.0
0,0.0
0,0.0
0,0.0
0,0.006445410849164568
192,0.012890821698329136
256,0.00966811627374685
192,0.006445410849164568
128,0.0
0,0.0
0,0.0
0,0.0
0,0.0
0,0.0
0,0.0
0,0.0
0,0.0
64,0.00966811627374685
192,0.012890821698329136
256,0.00966811627374685
128,0.006445410849164568
64,0.0
0,0.0
0,0.0
0,0.0
0,0.0
0,0.0
0,0.0
0,0.0
0,0.0
64,0.00966811627374685
256,0.012890821698329136
256,0.00966811627374685
128,0.006445410849164568
64,0.0
0,0.0
0,0.0
0,0.0
0,0.0
0,0.0
0,0.0
0,0.0
0,0.0
128,0.00966811627374685
256,0.006445410849164568
128,0.003222705424582284
0,0.0
0,0.0
0,0.0
0,0.0
0,0.0
0,0.0
0,0.0
0,0.0
128,0.00966811627374685
256,0.012890821698329136
192,0.006445410849164568
128,0.003222705424582284
0,0.0
0,0.0
0,0.0
0,0.0
0,0.0
0,0.0
0,0.0
0,0.0
0,0.006445410849164568
192,0.012890821698329136
256,0.012890821698329136
192,0.006445410849164568
128,0.003222705424582284
0,0.0
0,0.0
0,0.0
0,0.0
0,0.0
0,0.0
0,0.0
0,0.0
0,0.006445410849164568
192,0.012890821698329136
256,0.00966811627374685
128,0.006445410849164568
128,0.0
0,0.0
0,0.0
0,0.0
0,0.0
0,0.0
0,0.0
0,0.0
0,0.0
64,0.006445410849164568
192,0.012890821698329136
256,0.00966811627374685
128,0.006445410849164568
64,0.0
0,0.0
0,0.0
0,0.0
0,0.0
0,0.0
0,0.0
0,0.0
0,0.0
128,0.00966811627374685
256,0.012890821698329136
192,0.00966811627374685
128,0.006445410849164568
64,0.0
0,0.0
0,0.0
0,0.0
0,0.0
0,0.0
0,0.0
0,0.0
0,0.0
128,0.00966811627374685
256,0.012890821698329136
192,0.00966811627374685
128,0.006445410849164568
64,0.0
0,0.0
0,0.0
0,0.0
0,0.0
0,0.0
0,0.0
0,0.0
0,0.003222705424582284
192,0.00966811627374685
256,0.012890821698329136
192,0.006445410849164568
128,0.003222705424582284
0,0.0
0,0.0
0,0.0
0,0.0
0,0.0
0,0.0
0,0.0
0,0.0
0,0.003222705424582284
192,0.012890821698329136
256,0.012890821698329136
192,0.006445410849164568
128,0.003222705424582284
0,0.0
0,0.0
0,0.0
0,0.0
0,0.0
0,0.0
0,0.0
0,0.0
0,0.003222705424582284
192,0.012890821698329136
256,0.012890821698329136
192,0.006445410849164568
128,0.003222705424582284
0,0.0
0,0.0
0,0.0
0,0.0
0,0.0
0,0.0
0,0.0
0,0.0
0,0.006445410849164568
192,0.012890821698329136
256,0.012890821698329136
192,0.006445410849164568
128,0.003222705424582284
0,0.0
0,0.0
0,0.0
0,0.0
0,0.0
0,0.0
0,0.006445410849164568
192,0.012890821698329136
256,0.00966811627374685
128,0.006445410849164568
128,0.0
0,0.0
0,0.0
0,0.0
0,0.0
0,0.0
0,0.0
0,0.0
0,0.0
64,0.006445410849164568
192,0.012890821698329136
256,0.00966811627374685
128,0.006445410849164568
64,0.0
0,0.0
0,0.0
0,0.0
0,0.0
0,0.0
0,0.0
0,0.0
0,0.0
64,0.00966811627374685
256,0.012890821698329136
256,0.00966811627374685
128,0.006445410849164568
64,0.0
0,0.0
0,0.0
0,0.0
0,0.0
0,0.0
0,0.0
0,0.0
0,0.0
128,0.00966811627374685
256,0.012890821698329136
192,0.00966811627374685
128,0.006445410849164568
64,0.0
0,0.0
0,0.0
0,0.0
0,0.0
0,0.0
0,0.0
0,0.0
0,0.0
128,0.00966811627374685
256,0.012890821698329136
192,0.006445410849164568
128,0.006445410849164568
0,0.0
0,0.0
0,0.0
0,0.0
0,0.0
0,0.0
0,0.0
0,0.0
0,0.0
128,0.00966811627374685
256,0.012890821698329136
192,0.006445410849164568
128,0.006445410849164568
0,0.0
0,0.0
0,0.0
0,0.0
0,0.0
0,0.0
0,0.0
0,0.0
0,0.003222705424582284
192,0.012890821698329136
256,0.012890821698329136
192,0.006445410849164568
128,0.003222705424582284
0,0.0
0,0.0
0,0.0
0,0.0
0,0.0
0,0.0
0,0.0
0,0.0
0,0.006445410849164568
192,0.012890821698329136
256,0.00966811627374685
128,0.006445410849164568
128,0.003222705424582284
0,0.0
0,0.0
0,0.0
0,0.0
0,0.0
0,0.0
0,0.0
0,0.0
0,0.006445410849164568
192,0.012890821698329136
256,0.00966811627374685
128,0.006445410849164568
128,0.0
0,0.0
0,0.0
0,0.0
0,0.0
0,0.0
0,0.0
0,0.0
0,0.0
64,0.00966811627374685
192,0.012890821698329136
256,0.00966811627374685
128,0.006445410849164568
64,0.0
0,0.0
0,0.0
0,0.0
0,0.0
0,0.0
0,0.0
0,0.0
0,0.0
128,0.00966811627374685
256,0.012890821698329136
192,0.006445410849164568
128,0.006445410849164568
0,0.0
0,0.0
0,0.0
0,0.0
0,0.0
0,0.0
0,0.0
0,0.0
0,0.003222705424582284
192,0.00966811627374685
256,0.012890821698329136
192,0.006445410849164568
128,0.003222705424582284
0,0.0
0,0.0
0,0.0
0,0.0
0,0.0
0,0.0
0,0.0
0,0.0
64,0.006445410849164568
192,0.012890821698329136
256,0.00966811627374685
128,0.006445410849164568
64,0.0
0,0.0
0,0.0
0,0.0
0,0.0
0,0.0
0,0.0
0,0.0
0,0.0
64,0.006445410849164568
192,0.012890821698329136
256,0.00966811627374685
128,0.006445410849164568
64,0.0
0,0.0
0,0.0
0,0.0
0,0.0
0,0.0
0,0.0
0,0.0
0,0.0
64,0.00966811627374685
192,0.012890821698329136
256,0.006445410849164568
128,0.006445410849164568
64,0.0
0,0.0
0,0.0
0,0.0
0,0.0
0,0.0
0,0.0
0,0.0
0,0.0
128,0.00966811627374685
256,0.012890821698329136
192,0.00966811627374685
128,0.006445410849164568
64,0.0
0,0.0
0,0.0
0,0.0
0,0.0
0,0.0
0,0.0
0,0.0
0,0.0
128,0.00966811627374685
256,0.012890821698329136
192,0.006445410849164568
128,0.006445410849164568
0,0.0
0,0.0
0,0.0
0,0.0
0,0.0
0,0.0
0,0.0
0,0.0
0,0.003222705424582284
192,0.00966811627374685
256,0.012890821698329136
192,0.006445410849164568
128,0.003222705424582284
0,0.0
0,0.0
0,0.0
0,0.0
0,0.0
0,0.0
0,0.0
0,0.0
0,0.006445410849164568
192,0.012890821698329136
256,0.00966811627374685
192,0.006445410849164568
128,0.003222705424582284
0,0.0
0,0.0
0,0.0
0,0.0
0,0.0
0,0.0
0,0.0
0,0.0
0,0.006445410849164568
192,0.012890821698329136
256,0.00966811627374685
128,0.006445410849164568
128,0.003222705424582284
0,0.0
0,0.0
0,0.0
0,0.0
0,0.0
0,0.0
0,0.0
0,0.0
0,0.006445410849164568
192,0.012890821698329136
256,0.00966811627374685
128,0.006445410849164568
64,0.0
0,0.0
0,0.0
0,0.0
0,0.0
0,0.0
0,0.0
0,0.0
0,0.0
128,0.00966811627374685
256,0.012890821698329136
192,0.006445410849164568
128,0.006445410849164568
0,0.0
0,0.0
0,0.0
0,0.0
0,0.0
0,0.0
0,0.0
0,0.0
0,0.0
128,0.00966811627374685
256,0.012890821698329136
192,0.006445410849164568
128,0.003222705424582284
0,0.0
0,0.0
0,0.0
0,0.0
0,0.0
0,0.0
0,0.0
0,0.0
0,0.003222705424582284
128,0.00966811627374685
256,0.012890821698329136
192,0.006445410849164568
128,0.003222705424582284
0,0.0
0,0.0
0,0.0
0,0.0
0,0.0
0,0.0
0,0.0
0,0.0
0,0.003222705424582284
192,0.00966811627374685
256,0.012890821698329136
192,0.006445410849164568
128,0.003222705424582284
0,0.0
0,0.0
0,0.0
0,0.0
0,0.0
0,0.0
0,0.0
0,0.0
0,0.003222705424582284
192,0.00966811627374685
256,0.00966811627374685
128,0.006445410849164568
128,0.003222705424582284
0,0.0
0,0.0
0,0.0
0,0.0
0,0.0
0,0.0
0,0.0
0,0.0
0,0.006445410849164568
192,0.012890821698329136
256,0.012890821698329136
192,0.006445410849164568
128,0.003222705424582284
0,0.0
0,0.0
0,0.0
0,0.0
0,0.0
0,0.0
0,0.0
64,0.00966811627374685
256,0.00966811627374685
128,0.006445410849164568
0,0.0
0,0.0
0,0.0
0,0.0
0,0.0
0,0.0
0,0.0
0,0.003222705424582284
192,0.012890821698329136
256,0.012890821698329136
192,0.006445410849164568
128,0.003222705424582284
0,0.0
0,0.0
0,0.0
0,0.0
0,0.0
0,0.0
0,0.0
0,0.0
64,0.00966811627374685
256,0.012890821698329136
256,0.00966811627374685
128,0.006445410849164568
128,0.0
0,0.0
0,0.0
0,0.0
0,0.0
0,0.0
0,0.0
0,0.0
0,0.0
64,0.00966811627374685
256,0.012890821698329136
192,0.006445410849164568
128,0.006445410849164568
0,0.0
0,0.0
0,0.0
0,0.0
0,0.0
0,0.0
0,0.0
0,0.0
0,0.003222705424582284
192,0.012890821698329136
256,0.012890821698329136
192,0.006445410849164568
128,0.003222705424582284
0,0.0
0,0.0
0,0.0
0,0.0
0,0.0
0,0.0
0,0.0
0,0.0
0,0.003222705424582284
192,0.012890821698329136
256,0.012890821698329136
192,0.006445410849164568
128,0.003222705424582284
0,0.0
0,0.0
0,0.0
0,0.0
0,0.0
0,0.0
0,0.0
0,0.0
0,0.003222705424582284
192,0.00966811627374685
256,0.012890821698329136
192,0.006445410849164568
128,0.003222705424582284
0,0.0
0,0.0
0,0.0
0,0.0
0,0.0
0,0.0
0,0.0
0,0.0
0,0.003222705424582284
192,0.012890821698329136
256,0.012890821698329136
192,0.006445410849164568
128,0.003222705424582284
0,0.0
0,0.0
0,0.0
0,0.0
0,0.0
0,0.0
0,0.0
0,0.0
0,0.003222705424582284
192,0.012890821698329136
256,0.012890821698329136
128,0.006445410849164568
128,0.003222705424582284
0,0.0
0,0.0
0,0.0
0,0.0
0,0.0
0,0.0
0,0.0
0,0.0
0,0.006445410849164568
192,0.012890821698329136
256,0.00966811627374685
128,0.006445410849164568
128,0.003222705424582284
0,0.0
0,0.0
0,0.0
0,0.0
0,0.0
0,0.0
0,0.0
0,0.0
0,0.006445410849164568
192,0.012890821698329136
256,0.00966811627374685
128,0.006445410849164568
128,0.0
0,0.0
0,0.0
0,0.0
0,0.0
0,0.0
0,0.0
0,0.0
0,0.0
64,0.006445410849164568
192,0.012890821698329136
256,0.00966811627374685
128,0.006445410849164568
64,0.0
0,0.0
0,0.0
0,0.0
0,0.0
0,0.0
0,0.0
0,0.0
0,0.006445410849164568
192,0.012890821698329136
256,0.012890821698329136
128,0.006445410849164568
128,0.003222705424582284
0,0.0
0,0.0
0,0.0
0,0.0
0,0.0
0,0.0
0,0.0
0,0.0
64,0.006445410849164568
192,0.012890821698329136
256,0.006445410849164568
128,0.006445410849164568
64,0.0
0,0.0
0,0.0
0,0.0
0,0.0
0,0.0
0,0.0
0,0.0
0,0.0
128,0.00966811627374685
256,0.012890821698329136
192,0.006445410849164568
128,0.003222705424582284
0,0.0
0,0.0
0,0.0
0,0.0
0,0.0
0,0.0
0,0.0
0,0.0
0,0.003222705424582284
128,0.00966811627374685
256,0.012890821698329136
192,0.006445410849164568
128,0.003222705424582284
0,0.0
0,0.0
0,0.0
0,0.0
0,0.0
0,0.0
0,0.0
0,0.0
0,0.003222705424582284
192,0.012890821698329136
256,0.012890821698329136
192,0.006445410849164568
128,0.003222705424582284
0,0.0
0,0.0
0,0.0
0,0.0
0,0.0
0,0.0
0,0.0
0,0.0
0,0.006445410849164568
192,0.012890821698329136
256,0.00966811627374685
128,0.006445410849164568
128,0.003222705424582284
0,0.0
0,0.0
0,0.0
0,0.0
0,0.0
0,0.0
0,0.0
0,0.0
0,0.006445410849164568
192,0.012890821698329136
256,0.00966811627374685
128,0.006445410849164568
128,0.003222705424582284
0,0.0
0,0.0
0,0.0
0,0.0
0,0.0
0,0.0
0,0.0
0,0.0
0,0.006445410849164568
192,0.012890821698329136
256,0.00966811627374685
128,0.006445410849164568
128,0.0
0,0.0
0,0.0
0,0.0
0,0.0
0,0.0
0,0.0
0,0.0
0,0.0
64,0.006445410849164568
192,0.012890821698329136
256,0.00966811627374685
128,0.006445410849164568
64,0.0
0,0.0
0,0.0
0,0.0
0,0.0
0,0.0
0,0.0
0,0.0
0,0.0
64,0.006445410849164568
192,0.012890821698329136
256,0.00966811627374685
128,0.006445410849164568
64,0.0
0,0.0
0,0.0
0,0.0
0,0.0
0,0.0
0,0.0
0,0.0
0,0.0
64,0.00966811627374685
256,0.012890821698329136
256,0.00966811627374685
128,0.006445410849164568
64,0.0
0,0.0
0,0.0
0,0.0
0,0.0
0,0.0
0,0.0
0,0.0
0,0.0
128,0.00966811627374685
256,0.012890821698329136
192,0.006445410849164568
128,0.003222705424582284
0,0.0
0,0.0
0,0.0
0,0.0
0,0.0
0,0.0
0,0.0
0,0.0
0,0.006445410849164568
192,0.012890821698329136
256,0.00966811627374685
192,0.006445410849164568
128,0.003222705424582284
0,0.0
0,0.0
0,0.0
0,0.0
0,0.0
0,0.0
0,0.0
0,0.0
0,0.006445410849164568
192,0.012890821698329136
256,0.00966811627374685
128,0.006445410849164568
128,0.0
0,0.0
0,0.0
0,0.0
0,0.0
0,0.0
0,0.0
0,0.0
0,0.0
0,0.006445410849164568
192,0.012890821698329136
256,0.00966811627374685
128,0.006445410849164568
128,0.0
0,0.0
0,0.0
0,0.0
0,0.0
0,0.0
0,0.0
0,0.0
0,0.0
0,0.006445410849164568
192,0.012890821698329136
256,0.00966811627374685
128,0.006445410849164568
64,0.0
0,0.0
0,0.0
0,0.0
0,0.0
0,0.0
0,0.0
0,0.0
0,0.0
64,0.006445410849164568
192,0.012890821698329136
256,0.006445410849164568
128,0.006445410849164568
64,0.0
0,0.0
0,0.0
0,0.0
0,0.0
0,0.0
0,0.0
0,0.0
0,0.0
128,0.00966811627374685
192,0.012890821698329136
192,0.006445410849164568
128,0.006445410849164568
0,0.0
0,0.0
0,0.0
0,0.0
0,0.0
0,0.0
0,0.0
0,0.0
0,0.0
128,0.00966811627374685
256,0.012890821698329136
192,0.006445410849164568
128,0.006445410849164568
0,0.0
0,0.0
0,0.0
0,0.0
0,0.0
0,0.0
0,0.0
0,0.0
64,0.006445410849164568
192,0.012890821698329136
256,0.00966811627374685
128,0.006445410849164568
64,0.0
0,0.0
0,0.0
0,0.0
0,0.0
0,0.0
0,0.0
0,0.0
0,0.003222705424582284
128,0.00966811627374685
256,0.012890821698329136
192,0.006445410849164568
128,0.003222705424582284
0,0.0
0,0.0
0,0.0
0,0.0
0,0.0
0,0.0
0,0.0
0,0.0
0,0.003222705424582284
192,0.012890821698329136
256,0.00966811627374685
128,0.006445410849164568
128,0.0
0,0.0
0,0.0
0,0.0
0,0.0
0,0.0
0,0.0
0,0.0
0,0.0
64,0.00966811627374685
192,0.012890821698329136
256,0.006445410849164568
128,0.006445410849164568
64,0.0
0,0.0
0,0.0
0,0.0
0,0.0
0,0.0
0,0.0
0,0.0
0,0.0
128,0.00966811627374685
256,0.012890821698329136
192,0.006445410849164568
128,0.006445410849164568
64,0.0
0,0.0
0,0.0
0,0.0
0,0.0
0,0.0
0,0.0
0,0.0
0,0.0
128,0.00966811627374685
256,0.012890821698329136
192,0.006445410849164568
128,0.003222705424582284
0,0.0
0,0.0
0,0.0
0,0.0
0,0.0
0,0.0
0,0.0
0,0.0
0,0.003222705424582284
192,0.00966811627374685
256,0.00966811627374685
128,0.006445410849164568
128,0.003222705424582284
0,0.0
0,0.0
0,0.0
0,0.0
0,0.0
0,0.0
0,0.0
0,0.0
0,0.006445410849164568
192,0.012890821698329136
256,0.00966811627374685
128,0.006445410849164568
128,0.003222705424582284
0,0.0
0,0.0
0,0.0
0,0.0
0,0.0
0,0.0
0,0.0
0,0.0
0,0.006445410849164568
192,0.012890821698329136
256,0.00966811627374685
128,0.006445410849164568
64,0.0
0,0.0
0,0.0
0,0.0
0,0.0
0,0.0
0,0.0
0,0.0
0,0.0
64,0.00966811627374685
192,0.012890821698329136
256,0.006445410849164568
128,0.006445410849164568
64,0.0
0,0.0
0,0.0
0,0.0
0,0.0
0,0.0
0,0.0
0,0.0
0,0.0
128,0.00966811627374685
256,0.012890821698329136
192,0.006445410849164568
128,0.006445410849164568
64,0.0
0,0.0
0,0.0
0,0.0
0,0.0
0,0.0
0,0.0
0,0.0
0,0.0
128,0.00966811627374685
256,0.012890821698329136
192,0.006445410849164568
128,0.003222705424582284
0,0.0
0,0.0
0,0.0
0,0.0
0,0.0
0,0.0
0,0.0
0,0.0
0,0.003222705424582284
192,0.012890821698329136
256,0.00966811627374685
128,0.006445410849164568
128,0.003222705424582284
0,0.0
0,0.0
0,0.0
0,0.0
0,0.0
0,0.0
0,0.0
0,0.0
64,0.00966811627374685
192,0.012890821698329136
256,0.00966811627374685
128,0.006445410849164568
64,0.0
0,0.0
0,0.0
0,0.0
0,0.0
0,0.0
0,0.0
0,0.0
0,0.0
128,0.00966811627374685
256,0.012890821698329136
256,0.00966811627374685
128,0.006445410849164568
64,0.0
0,0.0
0,0.0
0,0.0
0,0.0
0,0.0
0,0.0
0,0.0
0,0.0
128,0.00966811627374685
256,0.012890821698329136
192,0.006445410849164568
128,0.006445410849164568
64,0.0
0,0.0
0,0.0
0,0.0
0,0.0
0,0.0
0,0.0
0,0.0
0,0.003222705424582284
192,0.00966811627374685
256,0.00966811627374685
128,0.006445410849164568
64,0.0
0,0.0
0,0.0
0,0.0
0,0.0
0,0.0
0,0.0193362325474937
448,0.012890821698329136
0,0.0
128,0.00966811627374685
192,0.006445410849164568
64,0.006445410849164568
128,0.003222705424582284
0,0.0
0,0.0
0,0.0
64,0.003222705424582284
64,0.0
0,0.0
0,0.0
0,0.0
0,0.0
128,0.00966811627374685
256,0.012890821698329136
128,0.006445410849164568
128,0.003222705424582284
0,0.0
0,0.0
0,0.0
0,0.0
0,0.0
0,0.0
0,0.0
0,0.0
0,0.006445410849164568
192,0.012890821698329136
256,0.00966811627374685
128,0.006445410849164568
64,0.0
0,0.0
0,0.0
0,0.0
0,0.0
0,0.0
0,0.0
0,0.0
0,0.0
64,0.006445410849164568
192,0.012890821698329136
256,0.00966811627374685
128,0.006445410849164568
64,0.0
0,0.0
0,0.0
0,0.0
0,0.0
0,0.0
0,0.0
0,0.0
0,0.003222705424582284
192,0.012890821698329136
256,0.012890821698329136
192,0.006445410849164568
128,0.003222705424582284
0,0.0
0,0.0
0,0.0
0,0.0
0,0.0
0,0.0
0,0.0
0,0.0
0,0.006445410849164568
192,0.012890821698329136
256,0.006445410849164568
128,0.006445410849164568
64,0.0
0,0.0
0,0.0
0,0.0
0,0.0
0,0.0
0,0.0
0,0.0
0,0.0
128,0.00966811627374685
256,0.012890821698329136
192,0.006445410849164568
128,0.006445410849164568
64,0.0
0,0.0
0,0.0
0,0.0
0,0.0
0,0.0
0,0.0
0,0.0
0,0.003222705424582284
192,0.012890821698329136
256,0.012890821698329136
192,0.00966811627374685
128,0.006445410849164568
0,0.0
0,0.0
0,0.0
0,0.0
0,0.0
0,0.0
0,0.0
0,0.0
0,0.003222705424582284
192,0.012890821698329136
256,0.012890821698329136
192,0.006445410849164568
128,0.003222705424582284
0,0.0
0,0.0
0,0.0
0,0.0
0,0.0
0,0.0
0,0.0
0,0.0
0,0.006445410849164568
192,0.012890821698329136
256,0.00966811627374685
128,0.006445410849164568
128,0.003222705424582284
0,0.0
0,0.0
0,0.0
0,0.0
0,0.0
0,0.0
0,0.0
0,0.003222705424582284
128,0.00966811627374685
256,0.012890821698329136
192,0.006445410849164568
128,0.003222705424582284
0,0.0
0,0.0
0,0.0
0,0.0
0,0.0
0,0.0
0,0.0
0,0.0
0,0.003222705424582284
192,0.012890821698329136
256,0.012890821698329136
192,0.006445410849164568
128,0.003222705424582284
0,0.0
0,0.0
768,0.0193362325474937
2112,0.15791256580453192
2304,0.06767681391622797
576,0.00966811627374685
0,0.0
0,0.0
0,0.0
64,0.0
64,0.006445410849164568
128,0.0
0,0.0
0,0.0
0,0.0
0,0.003222705424582284
64,0.003222705424582284
0,0.0
0,0.0
0,0.0
0,0.0
0,0.0
64,0.006445410849164568
128,0.006445410849164568
64,0.0
0,0.0
0,0.0
0,0.0
0,0.0
0,0.0
0,0.0
0,0.0
0,0.0
0,0.0
0,0.006445410849164568
192,0.012890821698329136
256,0.00966811627374685
192,0.006445410849164568
64,0.0
0,0.0
0,0.0
0,0.0
0,0.0
0,0.0
0,0.0
0,0.0
0,0.006445410849164568
256,0.016113527122911423
320,0.012890821698329136
192,0.00966811627374685
128,0.0
0,0.0
0,0.0
0,0.0
0,0.0
0,0.0
0,0.0
0,0.0
0,0.0
64,0.00966811627374685
256,0.016113527122911423
256,0.00966811627374685
192,0.006445410849164568
128,0.0
0,0.0
0,0.0
0,0.0
0,0.0
0,0.0
0,0.0
0,0.0
0,0.0
64,0.006445410849164568
192,0.012890821698329136
192,0.006445410849164568
128,0.006445410849164568
64,0.0
0,0.0
0,0.0
0,0.0
0,0.003222705424582284
64,0.0
0,0.0
0,0.0
0,0.0
64,0.006445410849164568
192,0.00966811627374685
192,0.006445410849164568
128,0.006445410849164568
64,0.0
0,0.0
0,0.0
0,0.0
64,0.003222705424582284
64,0.003222705424582284
64,0.0
0,0.0
0,0.0
128,0.00966811627374685
256,0.012890821698329136
192,0.00966811627374685
128,0.006445410849164568
64,0.0
0,0.0
0,0.0
0,0.0
0,0.0
0,0.0
0,0.0
0,0.0
0,0.0
128,0.00966811627374685
256,0.012890821698329136
192,0.00966811627374685
128,0.006445410849164568
64,0.0
0,0.0
0,0.0
0,0.0
0,0.0
0,0.0
0,0.0
0,0.0
0,0.003222705424582284
128,0.00966811627374685
256,0.012890821698329136
192,0.00966811627374685
128,0.006445410849164568
0,0.0
0,0.0
0,0.0
0,0.0
0,0.0
0,0.0
0,0.0
0,0.0
0,0.003222705424582284
128,0.00966811627374685
256,0.012890821698329136
192,0.006445410849164568
128,0.006445410849164568
0,0.0
0,0.0
0,0.0
0,0.0
0,0.0
0,0.0
0,0.0
0,0.0
0,0.003222705424582284
128,0.00966811627374685
256,0.012890821698329136
192,0.006445410849164568
128,0.003222705424582284
0,0.0
0,0.0
0,0.0
0,0.0
0,0.0
0,0.0
0,0.0
0,0.0
0,0.003222705424582284
128,0.00966811627374685
256,0.00966811627374685
128,0.006445410849164568
128,0.003222705424582284
0,0.0
0,0.0
0,0.0
0,0.0
0,0.0
0,0.0
0,0.0386724650949874
448,0.06767681391622797
2880,0.10957198443579766
1280,0.035449759670405125
384,0.006445410849164568
0,0.0
0,0.0
0,0.0
0,0.0
0,0.0
0,0.0
0,0.0
0,0.0
0,0.0
128,0.003222705424582284
128,0.006445410849164568
192,0.00966811627374685
128,0.0
0,0.0
0,0.0
0,0.0
0,0.0
0,0.0
0,0.0
0,0.0
0,0.0
0,0.0
0,0.003222705424582284
192,0.012890821698329136
256,0.012890821698329136
128,0.003222705424582284
64,0.0
0,0.0
0,0.0
0,0.0
0,0.003222705424582284
0,0.0
0,0.0
0,0.0
0,0.0
0,0.0
64,0.006445410849164568
192,0.00966811627374685
192,0.006445410849164568
128,0.006445410849164568
64,0.0
0,0.0
0,0.0
0,0.003222705424582284
0,0.0
0,0.0
0,0.0
0,0.0
0,0.003222705424582284
128,0.00966811627374685
192,0.00966811627374685
128,0.006445410849164568
128,0.003222705424582284
0,0.0
0,0.0
0,0.0
0,0.003222705424582284
64,0.0
0,0.0
0,0.0
0,0.0
0,0.006445410849164568
192,0.012890821698329136
256,0.00966811627374685
128,0.006445410849164568
128,0.0
0,0.0
0,0.0
0,0.0
0,0.0
0,0.0
0,0.0
0,0.0
0,0.0
64,0.00966811627374685
256,0.016113527122911423
256,0.00966811627374685
192,0.006445410849164568
64,0.0
0,0.0
0,0.0
0,0.0
0,0.0
0,0.0
0,0.0
0,0.0
0,0.0
128,0.00966811627374685
256,0.016113527122911423
256,0.00966811627374685
128,0.006445410849164568
64,0.0
0,0.0
0,0.0
0,0.0
0,0.0
0,0.0
0,0.0
0,0.0
0,0.0
128,0.00966811627374685
256,0.012890821698329136
192,0.006445410849164568
128,0.006445410849164568
64,0.0
0,0.0
0,0.0
0,0.0
0,0.0
0,0.0
0,0.0
0,0.0
0,0.0
128,0.00966811627374685
192,0.012890821698329136
192,0.006445410849164568
128,0.006445410849164568
0,0.0
0,0.0
0,0.0
0,0.0
0,0.0
0,0.0
0,0.0
0,0.0
0,0.0
128,0.00966811627374685
256,0.00966811627374685
128,0.006445410849164568
128,0.003222705424582284
0,0.0
0,0.0
0,0.0
0,0.0
0,0.0
0,0.0
0,0.0
0,0.0
0,0.006445410849164568
192,0.012890821698329136
256,0.00966811627374685
128,0.006445410849164568
128,0.003222705424582284
0,0.0
0,0.0
0,0.0
0,0.0
0,0.0
0,0.0
0,0.0
0,0.0
0,0.006445410849164568
192,0.012890821698329136
256,0.00966811627374685
128,0.006445410849164568
64,0.0
0,0.0
0,0.0
0,0.0
0,0.0
0,0.0
0,0.0
0,0.0
0,0.0
0,0.006445410849164568
192,0.012890821698329136
256,0.00966811627374685
128,0.006445410849164568
128,0.003222705424582284
0,0.0
0,0.0
0,0.0
0,0.0
0,0.0
0,0.0
0,0.0
0,0.0
0,0.006445410849164568
192,0.012890821698329136
256,0.00966811627374685
128,0.006445410849164568
64,0.0
0,0.0
0,0.0
0,0.0
64,0.016113527122911423
2368,0.19980773632410162
2688,0.09023575188830395
896,0.022558937972075987
64,0.022558937972075987
128,0.003222705424582284
64,0.00966811627374685
128,0.0
0,0.0
0,0.0
0,0.0
0,0.0
0,0.0
0,0.0
0,0.0
0,0.0
0,0.0
0,0.0
128,0.006445410849164568
128,0.00966811627374685
128,0.006445410849164568
0,0.0
0,0.0
0,0.0
0,0.0
0,0.0
0,0.0
0,0.0
64,0.003222705424582284
64,0.003222705424582284
64,0.0
128,0.00966811627374685
256,0.012890821698329136
256,0.006445410849164568
128,0.006445410849164568
64,0.0
0,0.0
0,0.0
0,0.0
0,0.0
0,0.0
0,0.0
0,0.0
0,0.0
128,0.00966811627374685
256,0.012890821698329136
256,0.00966811627374685
192,0.006445410849164568
64,0.0
0,0.0
0,0.0
0,0.0
0,0.0
0,0.0
0,0.0
0,0.0
0,0.0
64,0.006445410849164568
192,0.00966811627374685
192,0.006445410849164568
128,0.006445410849164568
64,0.0
0,0.0
0,0.0
64,0.003222705424582284
64,0.003222705424582284
64,0.003222705424582284
64,0.0
0,0.0
0,0.0
64,0.006445410849164568
192,0.00966811627374685
128,0.003222705424582284
64,0.0
0,0.0
0,0.0
0,0.0
0,0.0
0,0.0
0,0.0
0,0.0
0,0.0
0,0.003222705424582284
192,0.00966811627374685
256,0.00966811627374685
128,0.006445410849164568
64,0.0
0,0.0
0,0.0
0,0.0
0,0.0
0,0.0
0,0.0
0,0.0
0,0.0
64,0.006445410849164568
256,0.012890821698329136
256,0.00966811627374685
128,0.006445410849164568
64,0.0
0,0.0
0,0.0
0,0.0
0,0.0
0,0.0
0,0.0
0,0.0
0,0.0
64,0.00966811627374685
256,0.012890821698329136
256,0.00966811627374685
128,0.006445410849164568
64,0.0
0,0.0
0,0.0
0,0.0
0,0.0
0,0.0
0,0.0
0,0.0
0,0.0
64,0.006445410849164568
192,0.012890821698329136
256,0.00966811627374685
128,0.006445410849164568
64,0.0
0,0.0
0,0.0
0,0.0
0,0.0
0,0.0
0,0.0
0,0.0
0,0.0
128,0.00966811627374685
256,0.012890821698329136
192,0.006445410849164568
128,0.006445410849164568
64,0.0
0,0.0
0,0.0
0,0.0
0,0.0
0,0.0
0,0.0
0,0.0
0,0.0
128,0.00966811627374685
256,0.012890821698329136
192,0.006445410849164568
128,0.003222705424582284
0,0.0
0,0.0
0,0.0
0,0.0
0,0.0
0,0.0
0,0.0
0,0.0
0,0.003222705424582284
128,0.00966811627374685
256,0.012890821698329136
192,0.006445410849164568
128,0.003222705424582284
0,0.0
0,0.0
0,0.0
0,0.0
0,0.0
0,0.0
0,0.0
0,0.0
0,0.003222705424582284
192,0.012890821698329136
256,0.012890821698329136
192,0.00966811627374685
128,0.006445410849164568
0,0.0
0,0.0
0,0.0
0,0.0
0,0.0
0,0.0
0,0.0
0,0.0
0,0.006445410849164568
192,0.012890821698329136
256,0.00966811627374685
192,0.006445410849164568
128,0.0
0,0.0
0,0.0
0,0.0
0,0.0
0,0.0
0,0.0
0,0.0
0,0.0
64,0.00966811627374685
192,0.012890821698329136
192,0.006445410849164568
128,0.006445410849164568
0,0.0
0,0.0
0,0.0
0,0.0
0,0.0
0,0.0
0,0.0
0,0.0
0,0.0
128,0.00966811627374685
256,0.012890821698329136
192,0.006445410849164568
128,0.003222705424582284
0,0.0
0,0.0
0,0.0
0,0.0
0,0.0
0,0.0
0,0.0
0,0.0
0,0.003222705424582284
512,0.00966811627374685
8576,0.9539208056763561
14912,0.589755092698558
9088,0.34160677500572206
8832,0.40283817807278555
13376,0.5156328679331655
7744,0.2868207827878233
4160,0.1417990386816205
4672,0.1804715037766079
2496,0.07412222476539253
768,0.00966811627374685
704,0.006445410849164568
0,0.0
0,0.0
0,0.0
0,0.0
0,0.0
0,0.0
0,0.0
0,0.0
0,0.0
0,0.0
0,0.0
0,0.0
0,0.0
0,0.0
0,0.0
0,0.0
0,0.0
0,0.0
0,0.0
0,0.0
0,0.0
0,0.0
0,0.0
0,0.0
0,0.0
0,0.0
0,0.0
0,0.0
0,0.0
0,0.0
0,0.0
0,0.0
0,0.0
0,0.0
0,0.0
0,0.0
0,0.0
0,0.0
0,0.0
0,0.0
0,0.0
0,0.0
0,0.0
0,0.0
0,0.0
0,0.0
0,0.0
0,0.0
0,0.0
0,0.0
0,0.0
0,0.0
0,0.0
0,0.003222705424582284
64,0.0
0,0.0
0,0.0
0,0.0
0,0.0
0,0.0
0,0.0
0,0.0
0,0.0
0,0.0
0,0.0
0,0.0
64,0.006445410849164568
128,0.003222705424582284
0,0.0
0,0.0
0,0.0
0,0.0
0,0.0
0,0.0
0,0.0
0,0.0
0,0.0
0,0.0
0,0.003222705424582284
128,0.00966811627374685
192,0.006445410849164568
128,0.003222705424582284
64,0.0
0,0.0
0,0.0
0,0.0
0,0.0
0,0.0
0,0.0
0,0.0
0,0.0
0,0.006445410849164568
192,0.00966811627374685
192,0.006445410849164568
64,0.003222705424582284
0,0.0
0,0.0
0,0.0
0,0.0
0,0.0
0,0.0
0,0.0
0,0.0
0,0.0
128,0.00966811627374685
256,0.012890821698329136
192,0.006445410849164568
128,0.003222705424582284
0,0.0
0,0.0
0,0.0
0,0.0
0,0.0
0,0.0
0,0.0
0,0.0
0,0.003222705424582284
192,0.012890821698329136
256,0.012890821698329136
192,0.006445410849164568
128,0.003222705424582284
0,0.0
0,0.0
0,0.0
0,0.0
0,0.0
0,0.0
0,0.0
0,0.0
0,0.003222705424582284
192,0.012890821698329136
256,0.012890821698329136
192,0.006445410849164568
128,0.003222705424582284
0,0.0
0,0.0
0,0.0
0,0.0
0,0.0
0,0.0
0,0.0
0,0.0
0,0.003222705424582284
192,0.00966811627374685
256,0.012890821698329136
192,0.006445410849164568
128,0.003222705424582284
0,0.0
0,0.0
0,0.0
0,0.0
0,0.0
0,0.0
0,0.0
0,0.0
0,0.006445410849164568
192,0.012890821698329136
256,0.00966811627374685
128,0.006445410849164568
128,0.003222705424582284
0,0.0
0,0.0
0,0.0
0,0.0
0,0.0
0,0.0
0,0.0
0,0.0
0,0.006445410849164568
192,0.012890821698329136
256,0.00966811627374685
128,0.006445410849164568
64,0.0
0,0.0
0,0.0
0,0.0
0,0.0
0,0.0
0,0.0
0,0.0
0,0.0
64,0.006445410849164568
192,0.012890821698329136
256,0.00966811627374685
128,0.006445410849164568
64,0.0
0,0.0
0,0.0
0,0.0
0,0.0
0,0.0
0,0.0
0,0.0
0,0.0
64,0.006445410849164568
192,0.012890821698329136
256,0.00966811627374685
128,0.006445410849164568
64,0.0
0,0.0
0,0.0
0,0.0
0,0.0
0,0.0
0,0.0
0,0.0
0,0.0
64,0.006445410849164568
192,0.012890821698329136
256,0.00966811627374685
128,0.006445410849164568
64,0.0
0,0.0
0,0.0
0,0.0
0,0.0
0,0.0
0,0.0
0,0.0
0,0.0
64,0.006445410849164568
192,0.012890821698329136
192,0.006445410849164568
128,0.006445410849164568
0,0.0
0,0.0
0,0.0
0,0.0
0,0.0
0,0.0
0,0.0
0,0.0
0,0.006445410849164568
192,0.012890821698329136
256,0.00966811627374685
128,0.006445410849164568
128,0.0
0,0.0
0,0.0
0,0.0
0,0.0
0,0.0
0,0.0
0,0.0
0,0.0
64,0.00966811627374685
256,0.012890821698329136
256,0.00966811627374685
128,0.006445410849164568
64,0.0
0,0.0
0,0.0
0,0.0
0,0.0
0,0.0
0,0.0
0,0.0
0,0.0
128,0.00966811627374685
256,0.012890821698329136
192,0.00966811627374685
128,0.006445410849164568
64,0.0
0,0.0
0,0.0
0,0.0
0,0.0
0,0.0
0,0.0
0,0.0
0,0.0
128,0.00966811627374685
256,0.012890821698329136
192,0.006445410849164568
128,0.006445410849164568
0,0.0
0,0.0
0,0.0
0,0.0
0,0.0
0,0.0
0,0.0
0,0.0
0,0.003222705424582284
128,0.00966811627374685
256,0.012890821698329136
192,0.006445410849164568
128,0.003222705424582284
0,0.0
0,0.0
0,0.0
0,0.0
0,0.0
0,0.0
0,0.0
0,0.0
0,0.003222705424582284
192,0.012890821698329136
256,0.00966811627374685
128,0.006445410849164568
128,0.003222705424582284
0,0.0
0,0.0
0,0.0
0,0.0
0,0.0
0,0.0
0,0.0
0,0.0
0,0.006445410849164568
192,0.012890821698329136
256,0.00966811627374685
128,0.006445410849164568
128,0.003222705424582284
0,0.0
0,0.0
0,0.0
0,0.0
0,0.006445410849164568
320,0.13213092240787364
2624,0.08056763561455711
1024,0.0193362325474937
128,0.012890821698329136
384,0.012890821698329136
128,0.003222705424582284
0,0.006445410849164568
0,0.0
0,0.0
0,0.0
0,0.0
0,0.003222705424582284
0,0.0
0,0.0
0,0.0
0,0.0
0,0.003222705424582284
128,0.006445410849164568
128,0.003222705424582284
0,0.0
0,0.0
0,0.0
0,0.0
0,0.0
0,0.0
0,0.0
0,0.0
64,0.003222705424582284
64,0.0
64,0.006445410849164568
192,0.00966811627374685
192,0.006445410849164568
128,0.003222705424582284
64,0.0
0,0.0
0,0.0
0,0.0
0,0.0
0,0.0
0,0.0
0,0.0
0,0.0
64,0.006445410849164568
192,0.012890821698329136
256,0.00966811627374685
192,0.00966811627374685
128,0.003222705424582284
0,0.0
0,0.0
0,0.003222705424582284
320,0.006445410849164568
0,0.0
0,0.0
0,0.0
0,0.0
128,0.006445410849164568
192,0.00966811627374685
192,0.006445410849164568
128,0.006445410849164568
64,0.0
0,0.0
0,0.0
0,0.003222705424582284
64,0.003222705424582284
64,0.0
0,0.0
0,0.0
0,0.003222705424582284
128,0.00966811627374685
192,0.00966811627374685
128,0.006445410849164568
128,0.003222705424582284
0,0.0
0,0.0
0,0.0
0,0.0
0,0.0
0,0.003222705424582284
64,0.003222705424582284
0,0.0
0,0.006445410849164568
192,0.012890821698329136
256,0.00966811627374685
128,0.003222705424582284
64,0.0
0,0.0
0,0.0
0,0.0
0,0.0
0,0.0
0,0.003222705424582284
64,0.0
0,0.0
64,0.00966811627374685
256,0.012890821698329136
256,0.00966811627374685
128,0.006445410849164568
128,0.0
0,0.0
0,0.0
0,0.0
0,0.0
0,0.0
0,0.0
0,0.0
0,0.0
64,0.00966811627374685
256,0.012890821698329136
256,0.00966811627374685
128,0.006445410849164568
64,0.0
0,0.0
0,0.0
0,0.0
0,0.0
0,0.0
0,0.0
0,0.0
0,0.0
64,0.006445410849164568
192,0.012890821698329136
192,0.00966811627374685
128,0.006445410849164568
64,0.0
0,0.0
0,0.0
0,0.0
0,0.0
0,0.0
0,0.0
0,0.0
0,0.0
64,0.00966811627374685
192,0.012890821698329136
192,0.006445410849164568
128,0.006445410849164568
64,0.0
0,0.0
0,0.0
0,0.0
0,0.0
0,0.0
0,0.0
0,0.0
0,0.0
128,0.00966811627374685
256,0.012890821698329136
192,0.006445410849164568
128,0.006445410849164568
0,0.0
0,0.0
0,0.0
0,0.0
0,0.0
0,0.0
0,0.0
0,0.0
0,0.0
128,0.00966811627374685
256,0.00966811627374685
128,0.006445410849164568
128,0.003222705424582284
0,0.0
0,0.0
0,0.0
0,0.0
0,0.0
0,0.0
0,0.0
0,0.0
0,0.006445410849164568
192,0.012890821698329136
256,0.00966811627374685
192,0.006445410849164568
128,0.003222705424582284
0,0.0
0,0.0
0,0.0
0,0.0
0,0.0
0,0.0
11392,0.43828793774319064
8000,0.2997116044861524
4352,0.16113527122911422
4672,0.2255893797207599
4672,0.16758068207827878
2240,0.06767681391622797
1344,0.07089951934081025
896,0.006445410849164568
0,0.0
0,0.0
0,0.0
0,0.0
0,0.0
0,0.0
0,0.0
0,0.0
0,0.0
0,0.0
0,0.0
0,0.0
0,0.0
0,0.0
0,0.0
0,0.0
0,0.0
0,0.006445410849164568
640,0.025781643396658272
64,0.0
0,0.006445410849164568
64,0.006445410849164568
0,0.0
0,0.0
0,0.0
0,0.0
0,0.0
0,0.0
0,0.0
0,0.0
0,0.0
0,0.0
0,0.0
0,0.0
0,0.0
0,0.003222705424582284
64,0.003222705424582284
0,0.0
0,0.0
0,0.0
0,0.0
0,0.0
0,0.0
0,0.0
0,0.0
0,0.0
0,0.003222705424582284
64,0.006445410849164568
64,0.0
0,0.0
0,0.0
0,0.0
0,0.0
0,0.0
0,0.0
0,0.0
0,0.0
0,0.0
0,0.003222705424582284
128,0.00966811627374685
192,0.006445410849164568
64,0.003222705424582284
0,0.0
0,0.0
0,0.0
0,0.0
0,0.0
0,0.0
0,0.0
0,0.0
0,0.0
64,0.006445410849164568
192,0.012890821698329136
256,0.006445410849164568
128,0.006445410849164568
64,0.0
0,0.0
0,0.0
0,0.0
0,0.0
0,0.0
0,0.0
0,0.0
0,0.003222705424582284
192,0.012890821698329136
256,0.012890821698329136
192,0.006445410849164568
128,0.003222705424582284
0,0.0
0,0.0
0,0.0
0,0.0
0,0.0
0,0.0
0,0.0
0,0.0
0,0.003222705424582284
128,0.00966811627374685
256,0.00966811627374685
128,0.006445410849164568
128,0.003222705424582284
0,0.0
0,0.0
0,0.0
0,0.0
0,0.0
0,0.0
0,0.0
0,0.0
0,0.006445410849164568
192,0.012890821698329136
256,0.00966811627374685
128,0.006445410849164568
64,0.0
0,0.0
0,0.0
0,0.0
0,0.0
0,0.0
0,0.0
0,0.0
0,0.0
64,0.006445410849164568
192,0.012890821698329136
192,0.006445410849164568
128,0.006445410849164568
64,0.0
0,0.0
0,0.0
0,0.0
0,0.0
0,0.0
0,0.0
0,0.0
0,0.0
64,0.00966811627374685
256,0.012890821698329136
256,0.00966811627374685
128,0.006445410849164568
64,0.0
0,0.0
0,0.0
0,0.0
0,0.0
0,0.0
0,0.0
0,0.0
0,0.0
128,0.00966811627374685
256,0.012890821698329136
192,0.00966811627374685
128,0.006445410849164568
64,0.0
0,0.0
0,0.0
0,0.0
0,0.0
0,0.0
0,0.0
0,0.0
0,0.0
128,0.00966811627374685
256,0.012890821698329136
192,0.006445410849164568
128,0.006445410849164568
0,0.0
0,0.0
0,0.0
0,0.0
0,0.0
0,0.0
0,0.0
0,0.0
0,0.003222705424582284
192,0.012890821698329136
256,0.012890821698329136
128,0.0
1728,0.048340581368734266
3520,0.10634927901121537
1600,0.032227054245822846
448,0.0
384,0.0
0,0.0
192,0.0
0,0.0
0,0.0
0,0.0
0,0.006445410849164568
256,0.012890821698329136
128,0.006445410849164568
128,0.006445410849164568
0,0.0
0,0.0
0,0.0
0,0.0
0,0.0
0,0.0
0,0.0
0,0.0
0,0.0
0,0.003222705424582284
128,0.006445410849164568
64,0.003222705424582284
128,0.006445410849164568
64,0.0
0,0.0
0,0.0
0,0.0
0,0.0
0,0.0
0,0.0
0,0.0
0,0.0
128,0.00966811627374685
192,0.003222705424582284
256,0.012890821698329136
768,0.022558937972075987
128,0.0
0,0.0
0,0.0
0,0.0
64,0.0
0,0.0
64,0.0
0,0.0
64,0.012890821698329136
384,0.016113527122911423
320,0.012890821698329136
128,0.006445410849164568
64,0.0
0,0.0
0,0.0
0,0.0
0,0.0
0,0.0
0,0.0
0,0.0
0,0.0
64,0.00966811627374685
256,0.012890821698329136
256,0.00966811627374685
192,0.00966811627374685
128,0.0
0,0.0
0,0.0
0,0.0
0,0.0
0,0.0
0,0.0
0,0.0
0,0.003222705424582284
128,0.00966811627374685
256,0.00966811627374685
128,0.006445410849164568
64,0.0
0,0.0
0,0.0
0,0.0
0,0.0
0,0.0
0,0.0
0,0.0
0,0.0
0,0.003222705424582284
128,0.00966811627374685
192,0.00966811627374685
128,0.006445410849164568
64,0.0
0,0.0
0,0.0
0,0.0
0,0.0
0,0.0
0,0.0
0,0.0
0,0.0
64,0.006445410849164568
192,0.012890821698329136
256,0.00966811627374685
128,0.006445410849164568
64,0.0
0,0.0
0,0.0
0,0.0
0,0.0
0,0.0
0,0.0
0,0.0
0,0.0
128,0.00966811627374685
256,0.016113527122911423
256,0.00966811627374685
128,0.006445410849164568
64,0.0
0,0.0
0,0.0
0,0.0
0,0.0
0,0.0
0,0.0
0,0.0
0,0.0
128,0.012890821698329136
256,0.016113527122911423
256,0.00966811627374685
128,0.006445410849164568
64,0.0
0,0.0
0,0.0
0,0.0
0,0.0
0,0.0
0,0.0
0,0.0
0,0.0
128,0.00966811627374685
256,0.012890821698329136
192,0.00966811627374685
128,0.006445410849164568
64,0.0
0,0.0
0,0.0
0,0.0
0,0.0
0,0.0
0,0.0
0,0.0
0,0.003222705424582284
128,0.00966811627374685
256,0.012890821698329136
192,0.006445410849164568
128,0.006445410849164568
0,0.0
0,0.0
0,0.0
0,0.0
0,0.0
0,0.0
0,0.0
0,0.0
0,0.003222705424582284
192,0.00966811627374685
256,0.00966811627374685
192,0.006445410849164568
128,0.003222705424582284
0,0.0
0,0.0
0,0.0
0,0.0
0,0.0
0,0.0
0,0.0
0,0.0
0,0.006445410849164568
192,0.012890821698329136
256,0.00966811627374685
128,0.006445410849164568
64,0.0
0,0.0
0,0.0
0,0.0
0,0.0
0,0.0
960,0.05478599221789883
2752,0.1804715037766079
2368,0.08701304646372167
1088,0.0386724650949874
448,0.022558937972075987
256,0.0
0,0.0
0,0.0
0,0.0
0,0.0
0,0.0
0,0.0
0,0.0
0,0.0
0,0.0
0,0.0
64,0.006445410849164568
192,0.00966811627374685
128,0.003222705424582284
0,0.0
0,0.0
0,0.0
0,0.0
0,0.0
0,0.0
0,0.0
0,0.0
0,0.0
0,0.006445410849164568
192,0.012890821698329136
320,0.012890821698329136
192,0.00966811627374685
192,0.006445410849164568
0,0.0
0,0.0
0,0.0
0,0.0
64,0.0
6272,0.33516136415655756
8832,0.33516136415655756
4928,0.17080338750286103
3840,0.13857633325703822
3584,0.12890821698329138
1792,0.051563286793316544
704,0.00966811627374685
960,0.012890821698329136
0,0.0
0,0.0
0,0.0
0,0.0
0,0.0
0,0.0
320,0.0193362325474937
0,0.0
0,0.0
0,0.0
0,0.0
0,0.0
0,0.0
0,0.0
0,0.0
0,0.0
0,0.0
0,0.0
0,0.0
0,0.0
0,0.0
0,0.0
0,0.0
0,0.0
0,0.0
0,0.0
0,0.0
0,0.0
0,0.0
0,0.0
0,0.0
0,0.0
0,0.0
0,0.003222705424582284
128,0.00966811627374685
192,0.006445410849164568
64,0.003222705424582284
64,0.0
0,0.0
0,0.0
0,0.0
0,0.0
0,0.0
0,0.0
0,0.0
0,0.0
64,0.006445410849164568
192,0.012890821698329136
192,0.006445410849164568
128,0.006445410849164568
64,0.0
0,0.0
0,0.0
0,0.0
0,0.0
0,0.0
0,0.0
0,0.0
0,0.003222705424582284
128,0.00966811627374685
192,0.00966811627374685
128,0.003222705424582284
64,0.0
0,0.0
0,0.0
0,0.0
0,0.0
0,0.0
64,0.003222705424582284
64,0.0
0,0.0
0,0.006445410849164568
192,0.00966811627374685
192,0.006445410849164568
64,0.003222705424582284
64,0.0
0,0.0
0,0.0
0,0.0
0,0.0
0,0.0
0,0.0
0,0.0
0,0.0
128,0.00966811627374685
256,0.012890821698329136
192,0.006445410849164568
128,0.006445410849164568
64,0.0
0,0.0
0,0.0
0,0.0
0,0.0
0,0.0
0,0.0
0,0.0
0,0.003222705424582284
192,0.012890821698329136
256,0.012890821698329136
256,0.00966811627374685
128,0.006445410849164568
64,0.0
0,0.0
0,0.0
0,0.0
0,0.0
0,0.0
0,0.0
0,0.0
0,0.0
128,0.00966811627374685
256,0.012890821698329136
192,0.006445410849164568
128,0.006445410849164568
0,0.0
0,0.0
0,0.0
0,0.0
0,0.0
0,0.0
0,0.0
0,0.0
0,0.003222705424582284
128,0.00966811627374685
256,0.012890821698329136
192,0.006445410849164568
128,0.003222705424582284
0,0.0
0,0.0
0,0.0
0,0.0
0,0.0
0,0.0
0,0.0
0,0.0
0,0.006445410849164568
192,0.012890821698329136
256,0.012890821698329136
192,0.006445410849164568
128,0.003222705424582284
0,0.0
0,0.0
0,0.0
0,0.0
0,0.0
0,0.0
0,0.0
0,0.0
0,0.006445410849164568
192,0.012890821698329136
256,0.00966811627374685
128,0.006445410849164568
64,0.0
0,0.0
0,0.0
0,0.0
0,0.0
0,0.0
0,0.0
0,0.0
0,0.0
64,0.00966811627374685
192,0.012890821698329136
256,0.00966811627374685
128,0.006445410849164568
64,0.0
0,0.0
0,0.0
0,0.0
0,0.0
0,0.0
0,0.0
0,0.0
0,0.0
128,0.00966811627374685
256,0.012890821698329136
256,0.00966811627374685
128,0.006445410849164568
64,0.0
0,0.0
0,0.0
0,0.0
0,0.0
0,0.0
0,0.0
0,0.0
0,0.0
128,0.00966811627374685
256,0.012890821698329136
192,0.00966811627374685
128,0.006445410849164568
64,0.0
0,0.0
0,0.0
0,0.0
0,0.0
0,0.0
0,0.0
0,0.0
0,0.003222705424582284
128,0.00966811627374685
256,0.012890821698329136
192,0.006445410849164568
128,0.003222705424582284
0,0.0
0,0.0
0,0.0
0,0.0
0,0.0
0,0.0
0,0.0
0,0.0
0,0.006445410849164568
192,0.012890821698329136
256,0.00966811627374685
192,0.006445410849164568
128,0.003222705424582284
0,0.0
0,0.0
0,0.0
0,0.0
0,0.0
0,0.0
0,0.0
0,0.0
64,0.00966811627374685
256,0.012890821698329136
256,0.00966811627374685
128,0.006445410849164568
128,0.0
0,0.0
0,0.0
0,0.0
0,0.0
0,0.0
0,0.0
0,0.0
0,0.0
64,0.006445410849164568
192,0.012890821698329136
256,0.00966811627374685
128,0.006445410849164568
64,0.0
0,0.0
0,0.0
0,0.0
0,0.0
0,0.0
0,0.0
0,0.0
0,0.0
64,0.00966811627374685
256,0.012890821698329136
256,0.00966811627374685
128,0.006445410849164568
64,0.0
0,0.0
0,0.0
0,0.0
0,0.0
0,0.0
0,0.0
0,0.0
0,0.0
64,0.00966811627374685
256,0.012890821698329136
256,0.00966811627374685
128,0.006445410849164568
64,0.0
0,0.0
0,0.0
0,0.0
0,0.0
0,0.0
0,0.0
0,0.0
0,0.0
64,0.00966811627374685
256,0.012890821698329136
256,0.00966811627374685
128,0.006445410849164568
64,0.0
0,0.0
0,0.0
0,0.0
0,0.0
0,0.0
0,0.0
0,0.0
0,0.0
64,0.00966811627374685
256,0.012890821698329136
256,0.00966811627374685
128,0.006445410849164568
64,0.0
0,0.0
0,0.0
0,0.0
0,0.0
768,0.08379034103913939
1280,0.11601739528496223
1344,0.07089951934081025
640,0.022558937972075987
192,0.00966811627374685
128,0.003222705424582284
0,0.0
0,0.0
0,0.0
0,0.0
0,0.0
0,0.0
0,0.0
64,0.0
64,0.0
0,0.0
0,0.006445410849164568
192,0.00966811627374685
128,0.006445410849164568
128,0.006445410849164568
0,0.0
0,0.0
0,0.0
0,0.0
0,0.0
0,0.0
0,0.0
64,0.003222705424582284
64,0.003222705424582284
192,0.012890821698329136
256,0.016113527122911423
256,0.00966811627374685
192,0.006445410849164568
64,0.0
128,0.0
0,0.37383382925154496
5504,0.32871595330739295
4800,0.17080338750286103
3008,0.15146715495536736
3392,0.12568551155870908
1472,0.035449759670405125
384,0.006445410849164568
704,0.0193362325474937
256,0.003222705424582284
768,0.016113527122911423
384,0.0
0,0.0
0,0.0
704,0.006445410849164568
768,0.00966811627374685
0,0.0
0,0.0
0,0.0
0,0.0
0,0.0
0,0.0
0,0.0
0,0.0
0,0.0
0,0.0
0,0.0
0,0.0
0,0.0
0,0.0
0,0.0
0,0.0
0,0.0
0,0.0
0,0.003222705424582284
64,0.003222705424582284
0,0.0
0,0.0
0,0.0
0,0.0
0,0.0
0,0.0
0,0.0
0,0.0
0,0.0
0,0.0
0,0.003222705424582284
128,0.00966811627374685
192,0.006445410849164568
64,0.003222705424582284
64,0.0
0,0.0
0,0.0
0,0.0
0,0.0
0,0.0
0,0.0
0,0.0
0,0.0
0,0.003222705424582284
192,0.00966811627374685
192,0.006445410849164568
128,0.003222705424582284
64,0.0
0,0.0
0,0.0
0,0.0
0,0.0
0,0.0
0,0.0
0,0.0
0,0.0
0,0.006445410849164568
192,0.00966811627374685
192,0.006445410849164568
128,0.006445410849164568
64,0.0
0,0.0
0,0.0
0,0.0
0,0.0
0,0.0
0,0.0
0,0.0
0,0.0
64,0.006445410849164568
192,0.012890821698329136
192,0.006445410849164568
128,0.006445410849164568
64,0.0
0,0.0
0,0.0
0,0.0
0,0.0
0,0.0
0,0.0
0,0.0
0,0.0
64,0.006445410849164568
192,0.012890821698329136
256,0.00966811627374685
128,0.006445410849164568
64,0.0
0,0.0
0,0.0
0,0.0
0,0.003222705424582284
64,0.003222705424582284
64,0.003222705424582284
0,0.0
0,0.0
64,0.00966811627374685
256,0.012890821698329136
256,0.00966811627374685
128,0.006445410849164568
64,0.0
0,0.0
0,0.0
0,0.0
0,0.0
0,0.0
0,0.0
0,0.0
0,0.0
64,0.00966811627374685
256,0.012890821698329136
192,0.00966811627374685
128,0.006445410849164568
64,0.0
0,0.0
0,0.0
0,0.0
0,0.0
0,0.0
0,0.0
0,0.0
0,0.003222705424582284
192,0.012890821698329136
256,0.012890821698329136
192,0.00966811627374685
128,0.006445410849164568
0,0.0
0,0.0
0,0.0
0,0.0
0,0.0
0,0.0
0,0.0
0,0.0
0,0.003222705424582284
192,0.012890821698329136
256,0.012890821698329136
192,0.00966811627374685
128,0.003222705424582284
0,0.0
0,0.0
0,0.0
0,0.0
0,0.0
0,0.0
0,0.0
0,0.0
0,0.006445410849164568
192,0.012890821698329136
256,0.00966811627374685
128,0.006445410849164568
64,0.0
0,0.0
0,0.0
0,0.0
0,0.0
0,0.0
0,0.0
0,0.0
0,0.0
128,0.00966811627374685
256,0.012890821698329136
256,0.00966811627374685
128,0.006445410849164568
64,0.0
0,0.0
0,0.0
0,0.0
0,0.0
0,0.0
0,0.0
0,0.0
0,0.0
128,0.00966811627374685
256,0.012890821698329136
256,0.00966811627374685
128,0.006445410849164568
64,0.0
0,0.0
0,0.0
0,0.0
0,0.0
0,0.0
0,0.0
0,0.0
0,0.0
128,0.00966811627374685
256,0.012890821698329136
192,0.00966811627374685
128,0.006445410849164568
64,0.0
0,0.0
0,0.0
0,0.0
0,0.0
0,0.0
0,0.0
0,0.0
0,0.0
128,0.00966811627374685
256,0.012890821698329136
192,0.006445410849164568
128,0.006445410849164568
0,0.0
0,0.0
0,0.0
0,0.0
0,0.0
0,0.0
0,0.0
0,0.0
0,0.003222705424582284
192,0.00966811627374685
256,0.00966811627374685
128,0.006445410849164568
64,0.0
0,0.0
0,0.0
0,0.0
0,0.0
0,0.0
0,0.0
0,0.0
0,0.0
64,0.00966811627374685
256,0.012890821698329136
256,0.00966811627374685
128,0.006445410849164568
64,0.0
0,0.0
0,0.0
0,0.0
0,0.0
0,0.0
0,0.0
0,0.0
0,0.0
128,0.00966811627374685
256,0.012890821698329136
192,0.006445410849164568
128,0.003222705424582284
0,0.0
0,0.0
0,0.0
0,0.0
0,0.0
0,0.0
0,0.0
0,0.0
0,0.006445410849164568
192,0.012890821698329136
256,0.012890821698329136
192,0.006445410849164568
128,0.003222705424582284
0,0.0
0,0.0
0,0.0
0,0.0
0,0.0
2304,0.07412222476539253
2176,0.06445410849164569
1344,0.035449759670405125
576,0.012890821698329136
256,0.006445410849164568
256,0.003222705424582284
0,0.0
0,0.0
0,0.0
0,0.0
0,0.0
0,0.0
64,0.0
64,0.0
64,0.0
0,0.0
0,0.003222705424582284
128,0.006445410849164568
192,0.006445410849164568
0,0.0
0,0.0
0,0.0
0,0.0
0,0.0
0,0.0
0,0.0
0,0.003222705424582284
64,0.003222705424582284
64,0.003222705424582284
64,0.006445410849164568
192,0.012890821698329136
256,0.00966811627374685
128,0.006445410849164568
64,0.0
0,0.0
0,0.0
0,0.0
0,0.0
0,0.0
0,0.0
0,0.0
0,0.0
0,0.006445410849164568
192,0.012890821698329136
320,0.012890821698329136
256,0.00966811627374685
192,0.006445410849164568
64,0.0
0,0.0
0,0.0
0,0.0
0,0.0
0,0.0
0,0.0
0,0.0
0,0.006445410849164568
192,0.012890821698329136
256,0.00966811627374685
128,0.006445410849164568
128,0.0
0,0.0
0,0.0
0,0.0
64,0.003222705424582284
64,0.003222705424582284
64,0.003222705424582284
64,0.0
0,0.0
64,0.006445410849164568
192,0.00966811627374685
192,0.006445410849164568
128,0.006445410849164568
64,0.0
0,0.0
0,0.0
0,0.0
0,0.0
0,0.0
0,0.0
0,0.0
0,0.0
64,0.00966811627374685
256,0.012890821698329136
256,0.00966811627374685
128,0.006445410849164568
64,0.0
0,0.0
0,0.0
0,0.0
0,0.0
0,0.0
64,0.003222705424582284
0,0.0
0,0.0
128,0.00966811627374685
256,0.012890821698329136
256,0.00966811627374685
128,0.006445410849164568
64,0.0
0,0.0
0,0.0
0,0.0
0,0.0
0,0.0
0,0.0
0,0.0
0,0.0
128,0.00966811627374685
256,0.012890821698329136
192,0.00966811627374685
128,0.006445410849164568
64,0.0
0,0.0
0,0.0
0,0.0
0,0.0
0,0.0
0,0.0
0,0.0
0,0.003222705424582284
192,0.012890821698329136
256,0.012890821698329136
192,0.00966811627374685
128,0.003222705424582284
0,0.0
0,0.0
0,0.0
0,0.0
0,0.0
0,0.0
0,0.0
0,0.0
0,0.003222705424582284
192,0.012890821698329136
256,0.012890821698329136
192,0.006445410849164568
128,0.003222705424582284
0,0.0
0,0.0
0,0.0
0,0.003222705424582284
64,0.003222705424582284
0,0.0
0,0.0
0,0.0
0,0.006445410849164568
192,0.012890821698329136
256,0.012890821698329136
128,0.006445410849164568
128,0.003222705424582284
0,0.0
0,0.0
0,0.0
0,0.0
0,0.0
0,0.0
0,0.0
0,0.003222705424582284
192,0.012890821698329136
256,0.012890821698329136
192,0.006445410849164568
128,0.003222705424582284
0,0.0
0,0.0
0,0.0
0,0.0
0,0.0
0,0.0
0,0.0
0,0.0
0,0.006445410849164568
192,0.012890821698329136
256,0.012890821698329136
192,0.006445410849164568
128,0.003222705424582284
0,0.0
0,0.0
0,0.0
0,0.0
0,0.0
0,0.0
0,0.0
0,0.0
64,0.00966811627374685
256,0.012890821698329136
256,0.00966811627374685
192,0.00966811627374685
128,0.0
0,0.0
0,0.0
0,0.012890821698329136
4096,0.1450217441062028
3712,0.12568551155870908
1920,0.051563286793316544
1344,0.029004348821240557
192,0.0
192,0.006445410849164568
384,0.00966811627374685
128,0.003222705424582284
64,0.0
0,0.0
0,0.0
0,0.0
0,0.0
0,0.0
0,0.0
0,0.0
0,0.0
0,0.0
0,0.006445410849164568
128,0.00966811627374685
192,0.006445410849164568
0,0.0
0,0.0
0,0.0
0,0.0
0,0.0
0,0.0
0,0.003222705424582284
64,0.003222705424582284
0,0.0
0,0.003222705424582284
192,0.012890821698329136
320,0.016113527122911423
256,0.00966811627374685
128,0.003222705424582284
0,0.0
0,0.0
0,0.0
0,0.0
0,0.0
0,0.0
0,0.0
0,0.0
0,0.003222705424582284
192,0.012890821698329136
320,0.012890821698329136
192,0.00966811627374685
192,0.003222705424582284
0,0.0
0,0.0
0,0.0
0,0.0
0,0.0
0,0.0
0,0.0
0,0.0
0,0.003222705424582284
128,0.00966811627374685
192,0.006445410849164568
128,0.006445410849164568
64,0.0
0,0.0
0,0.0
0,0.003222705424582284
128,0.006445410849164568
128,0.006445410849164568
64,0.003222705424582284
0,0.0
0,0.0
64,0.006445410849164568
192,0.00966811627374685
192,0.006445410849164568
64,0.003222705424582284
0,0.0
0,0.0
0,0.0
0,0.0
0,0.003222705424582284
0,0.0
0,0.0
0,0.0
0,0.0
64,0.00966811627374685
256,0.012890821698329136
256,0.00966811627374685
128,0.006445410849164568
64,0.0
0,0.0
0,0.0
0,0.0
0,0.0
0,0.0
0,0.0
0,0.0
0,0.0
192,0.012890821698329136
256,0.016113527122911423
256,0.00966811627374685
128,0.006445410849164568
64,0.0
0,0.0
0,0.0
0,0.0
0,0.0
0,0.0
0,0.0
0,0.0
0,0.0
128,0.012890821698329136
256,0.012890821698329136
256,0.00966811627374685
192,0.006445410849164568
64,0.0
0,0.0
0,0.0
0,0.0
0,0.0
0,0.0
0,0.0
0,0.0
0,0.0
128,0.00966811627374685
256,0.012890821698329136
192,0.006445410849164568
128,0.006445410849164568
0,0.0
0,0.0
0,0.0
0,0.0
0,0.0
0,0.0
0,0.0
0,0.0
0,0.003222705424582284
192,0.012890821698329136
256,0.00966811627374685
128,0.006445410849164568
128,0.0
0,0.0
0,0.0
0,0.003222705424582284
64,0.003222705424582284
64,0.003222705424582284
64,0.003222705424582284
0,0.0
0,0.0
128,0.00966811627374685
256,0.012890821698329136
256,0.00966811627374685
128,0.006445410849164568
64,0.0
0,0.0
0,0.0
0,0.0
0,0.0
0,0.0
0,0.0
0,0.0
128,0.00966811627374685
256,0.012890821698329136
192,0.00966811627374685
128,0.006445410849164568
64,0.0
0,0.0
0,0.0
0,0.0
0,0.0
0,0.0
0,0.0
0,0.0
0,0.0
3392,0.18691691462577248
4800,0.17402609292744334
2816,0.09023575188830395
1792,0.048340581368734266
384,0.0
64,0.0
64,0.0
0,0.0
0,0.0
0,0.0
0,0.0
0,0.0
0,0.0
128,0.006445410849164568
128,0.003222705424582284
0,0.0
0,0.0
0,0.0
0,0.0
0,0.0
0,0.003222705424582284
64,0.006445410849164568
64,0.0
0,0.0
0,0.0
0,0.0
64,0.006445410849164568
192,0.006445410849164568
128,0.003222705424582284
0,0.0
0,0.0
0,0.0
0,0.006445410849164568
256,0.012890821698329136
192,0.006445410849164568
128,0.003222705424582284
0,0.0
0,0.0
0,0.0
64,0.006445410849164568
128,0.003222705424582284
0,0.0
64,0.0
0,0.0
0,0.0
0,0.0
0,0.0
64,0.003222705424582284
64,0.003222705424582284
0,0.0
0,0.0
128,0.00966811627374685
256,0.00966811627374685
128,0.006445410849164568
128,0.0
0,0.0
0,0.0
0,0.0
0,0.0
0,0.0
0,0.0
0,0.0
0,0.0
64,0.00966811627374685
320,0.0193362325474937
384,0.0193362325474937
320,0.016113527122911423
320,0.00966811627374685
64,0.0
0,0.0
0,0.0
0,0.0
0,0.0
0,0.0
0,0.0
0,0.0
64,0.00966811627374685
256,0.016113527122911423
320,0.00966811627374685
192,0.006445410849164568
128,0.0
0,0.0
0,0.0
0,0.0
0,0.0
0,0.0
0,0.0
0,0.0
0,0.0
64,0.006445410849164568
192,0.012890821698329136
256,0.00966811627374685
128,0.006445410849164568
64,0.0
0,0.0
0,0.0
0,0.0
64,0.003222705424582284
64,0.003222705424582284
64,0.003222705424582284
0,0.0
0,0.0
64,0.006445410849164568
192,0.00966811627374685
192,0.006445410849164568
64,0.003222705424582284
0,0.0
0,0.0
0,0.0
0,0.0
64,0.003222705424582284
64,0.003222705424582284
64,0.003222705424582284
0,0.0
0,0.0
128,0.012890821698329136
192,0.006445410849164568
128,0.006445410849164568
64,0.0
0,0.0
0,0.0
0,0.0
0,0.0
0,0.0
0,0.0
0,0.0
0,0.0
128,0.00966811627374685
256,0.012890821698329136
192,0.00966811627374685
128,0.003222705424582284
0,0.0
0,0.0
0,0.0
0,0.0
0,0.0
0,0.0
0,0.0
0,0.0
0,0.00966811627374685
256,0.016113527122911423
320,0.012890821698329136
192,0.00966811627374685
192,0.006445410849164568
0,0.0
0,0.0
0,0.0
0,0.0
0,0.0
0,0.0
0,0.0
0,0.0
0,0.006445410849164568
192,0.012890821698329136
256,0.00966811627374685
128,0.006445410849164568
128,0.003222705424582284
0,0.0
0,0.0
0,0.0
0,0.0
0,0.0
0,0.0
0,0.0
0,0.0
64,0.006445410849164568
192,0.012890821698329136
256,0.00966811627374685
128,0.006445410849164568
128,0.0
0,0.0
0,0.0
0,0.0
0,0.003222705424582284
64,0.003222705424582284
64,0.003222705424582284
0,0.003222705424582284
192,0.17402609292744334
2368,0.18691691462577248
2688,0.1417990386816205
1920,0.06767681391622797
704,0.0193362325474937
0,0.0
0,0.0
0,0.0
0,0.0
0,0.0
0,0.0
0,0.0
0,0.0
0,0.0
0,0.003222705424582284
128,0.006445410849164568
128,0.003222705424582284
0,0.0
0,0.0
0,0.0
0,0.0
0,0.0
64,0.0
0,0.0
0,0.0
0,0.0
0,0.0
0,0.003222705424582284
192,0.00966811627374685
192,0.006445410849164568
128,0.003222705424582284
0,0.0
0,0.0
0,0.0
64,0.00966811627374685
320,0.016113527122911423
192,0.006445410849164568
64,0.003222705424582284
0,0.0
0,0.0
0,0.003222705424582284
64,0.003222705424582284
64,0.003222705424582284
64,0.003222705424582284
0,0.0
0,0.0
0,0.0
0,0.0
64,0.003222705424582284
128,0.006445410849164568
64,0.003222705424582284
0,0.0
0,0.0
64,0.006445410849164568
192,0.00966811627374685
192,0.006445410849164568
64,0.003222705424582284
0,0.0
0,0.0
0,0.0
0,0.0
0,0.0
0,0.0
0,0.0
0,0.0
0,0.003222705424582284
192,0.016113527122911423
384,0.022558937972075987
384,0.016113527122911423
256,0.00966811627374685
64,0.0
0,0.0
0,0.0
0,0.0
0,0.0
0,0.0
0,0.0
0,0.0
0,0.006445410849164568
192,0.012890821698329136
256,0.00966811627374685
192,0.006445410849164568
64,0.0
0,0.0
0,0.0
0,0.0
0,0.0
0,0.0
0,0.0
0,0.0
0,0.0
128,0.00966811627374685
256,0.012890821698329136
192,0.006445410849164568
128,0.006445410849164568
0,0.0
0,0.0
0,0.0
0,0.003222705424582284
64,0.003222705424582284
64,0.003222705424582284
64,0.0
0,0.0
0,0.0
128,0.00966811627374685
192,0.00966811627374685
128,0.003222705424582284
64,0.003222705424582284
0,0.0
0,0.0
0,0.0
0,0.0
64,0.003222705424582284
64,0.003222705424582284
64,0.003222705424582284
64,0.0
0,0.003222705424582284
192,0.00966811627374685
256,0.012890821698329136
192,0.006445410849164568
128,0.006445410849164568
64,0.0
0,0.0
0,0.0
0,0.0
0,0.0
0,0.0
0,0.0
0,0.0
0,0.003222705424582284
128,0.00966811627374685
256,0.012890821698329136
192,0.006445410849164568
128,0.003222705424582284
0,0.0
0,0.0
0,0.0
0,0.0
0,0.0
0,0.0
0,0.0
0,0.0
0,0.006445410849164568
256,0.016113527122911423
320,0.016113527122911423
256,0.00966811627374685
192,0.006445410849164568
0,0.0
0,0.0
0,0.0
0,0.0
0,0.0
0,0.0
0,0.0
0,0.0
0,0.006445410849164568
192,0.012890821698329136
256,0.00966811627374685
128,0.006445410849164568
128,0.003222705424582284
0,0.0
0,0.0
0,0.0
0,0.0
0,0.0
0,0.0
0,0.0
0,0.0
64,0.006445410849164568
192,0.012890821698329136
256,0.00966811627374685
128,0.006445410849164568
64,0.0
0,0.0
0,0.0
0,0.0
0,0.0
0,0.0
0,0.0
0,0.0
0,0.003222705424582284
128,0.00966811627374685
256,0.012890821698329136
192,0.00966811627374685
128,0.006445410849164568
64,0.0
0,0.0
0,0.0
0,0.0
64,0.003222705424582284
64,0.003222705424582284
64,0.003222705424582284
0,0.0
0,0.006445410849164568
192,0.012890821698329136
320,0.012890821698329136
192,0.00966811627374685
0,0.5253009842069123
7744,0.6090913252460517
9152,0.5800869764248112
8576,0.32227054245822845
4544,0.19336232547493706
5440,0.19658503089951931
2624,0.08056763561455711
960,0.012890821698329136
1344,0.029004348821240557
128,0.0
0,0.0
0,0.0
0,0.0
0,0.0
0,0.0
0,0.0
0,0.0
0,0.0
0,0.0
0,0.0
0,0.0
0,0.0
0,0.0
0,0.0
0,0.0
0,0.0
0,0.0
0,0.0
0,0.0
0,0.0
0,0.0
0,0.0
0,0.0
0,0.0
0,0.0
0,0.0
64,0.0
0,0.0
0,0.0
0,0.0
0,0.0
0,0.0
0,0.0
0,0.0
0,0.0
0,0.0
0,0.0
0,0.0
128,0.00966811627374685
192,0.00966811627374685
128,0.003222705424582284
0,0.0
0,0.0
0,0.0
0,0.0
0,0.0
0,0.0
0,0.0
0,0.0
0,0.0
0,0.003222705424582284
128,0.00966811627374685
256,0.00966811627374685
128,0.006445410849164568
128,0.003222705424582284
0,0.0
0,0.0
0,0.0
0,0.0
0,0.0
0,0.0
0,0.0
0,0.0
0,0.006445410849164568
128,0.00966811627374685
128,0.003222705424582284
64,0.003222705424582284
0,0.0
0,0.0
0,0.0
0,0.0
0,0.0
0,0.0
0,0.0
0,0.0
0,0.0
64,0.006445410849164568
192,0.00966811627374685
128,0.003222705424582284
64,0.003222705424582284
0,0.0
0,0.0
0,0.0
0,0.003222705424582284
64,0.003222705424582284
0,0.0
0,0.0
0,0.0
0,0.0
128,0.00966811627374685
256,0.012890821698329136
192,0.006445410849164568
128,0.006445410849164568
0,0.0
0,0.0
0,0.0
0,0.0
0,0.0
0,0.0
0,0.0
0,0.0
0,0.006445410849164568
192,0.012890821698329136
320,0.016113527122911423
256,0.00966811627374685
192,0.006445410849164568
0,0.0
0,0.0
0,0.0
0,0.0
0,0.0
0,0.0
0,0.0
0,0.0
0,0.003222705424582284
192,0.012890821698329136
256,0.012890821698329136
192,0.006445410849164568
128,0.003222705424582284
0,0.0
0,0.0
0,0.0
0,0.0
0,0.0
0,0.0
0,0.0
0,0.0
64,0.00966811627374685
192,0.012890821698329136
256,0.00966811627374685
128,0.006445410849164568
64,0.0
0,0.0
0,0.0
0,0.003222705424582284
64,0.003222705424582284
64,0.003222705424582284
64,0.0
0,0.0
0,0.0
128,0.00966811627374685
256,0.012890821698329136
192,0.006445410849164568
128,0.006445410849164568
64,0.0
0,0.0
0,0.0
0,0.0
0,0.0
0,0.0
0,0.0
0,0.0
0,0.003222705424582284
128,0.00966811627374685
256,0.012890821698329136
128,0.006445410849164568
128,0.003222705424582284
0,0.0
0,0.0
0,0.0
0,0.0
0,0.0
0,0.0
0,0.0
0,0.0
0,0.003222705424582284
192,0.012890821698329136
256,0.012890821698329136
192,0.00966811627374685
128,0.003222705424582284
0,0.0
0,0.0
0,0.0
0,0.0
64,0.003222705424582284
64,0.003222705424582284
64,0.0
0,0.0
0,0.006445410849164568
192,0.012890821698329136
320,0.016113527122911423
256,0.00966811627374685
192,0.006445410849164568
0,0.0
0,0.0
0,0.0
0,0.0
0,0.0
0,0.0
0,0.0
0,0.0
128,0.00966811627374685
256,0.012890821698329136
192,0.006445410849164568
128,0.006445410849164568
0,0.0
0,0.0
0,0.0
0,0.0
0,0.0
0,0.0
0,0.0
0,0.0
0,0.003222705424582284
128,0.00966811627374685
256,0.012890821698329136
192,0.006445410849164568
128,0.003222705424582284
0,0.0
0,0.0
0,0.0
0,0.0
0,0.0
0,0.0
0,0.0
0,0.0
64,0.00966811627374685
256,0.012890821698329136
256,0.00966811627374685
128,0.006445410849164568
64,0.0
0,0.0
0,0.0
0,0.0
0,0.003222705424582284
0,0.0
64,0.0
0,0.0
0,0.0
128,0.00966811627374685
256,0.012890821698329136
192,0.00966811627374685
128,0.006445410849164568
64,0.0
0,0.0
0,0.0
0,0.0
4992,0.1804715037766079
3840,0.19336232547493706
4160,0.1417990386816205
1728,0.048340581368734266
320,0.006445410849164568
64,0.0
0,0.0
0,0.0
0,0.0
0,0.0
0,0.0
0,0.0
0,0.0
0,0.0
0,0.0
0,0.0
0,0.0
0,0.003222705424582284
128,0.00966811627374685
192,0.006445410849164568
64,0.0
0,0.0
0,0.0
0,0.0
0,0.0
0,0.0
0,0.0
0,0.0
64,0.0
0,0.003222705424582284
192,0.012890821698329136
256,0.012890821698329136
192,0.006445410849164568
128,0.006445410849164568
64,0.0
0,0.0
0,0.0
0,0.0
0,0.0
0,0.0
0,0.0
0,0.0
0,0.0
192,0.012890821698329136
256,0.016113527122911423
256,0.00966811627374685
192,0.006445410849164568
64,0.0
0,0.0
0,0.0
64,0.003222705424582284
0,0.0
0,0.0
0,0.0
0,0.0
0,0.0
64,0.006445410849164568
192,0.00966811627374685
128,0.003222705424582284
64,0.003222705424582284
0,0.0
0,0.0
0,0.0
64,0.003222705424582284
64,0.003222705424582284
64,0.003222705424582284
64,0.003222705424582284
0,0.0
0,0.003222705424582284
128,0.00966811627374685
256,0.00966811627374685
128,0.003222705424582284
64,0.0
0,0.0
0,0.0
0,0.0
0,0.0
0,0.0
0,0.0
0,0.0
0,0.0
0,0.006445410849164568
192,0.012890821698329136
256,0.012890821698329136
192,0.006445410849164568
128,0.003222705424582284
0,0.0
0,0.0
0,0.0
0,0.0
0,0.0
0,0.0
0,0.0
0,0.0
64,0.00966811627374685
256,0.012890821698329136
256,0.00966811627374685
128,0.006445410849164568
128,0.0
0,0.0
0,0.0
0,0.0
0,0.0
0,0.0
0,0.0
0,0.0
0,0.0
64,0.00966811627374685
256,0.012890821698329136
320,0.012890821698329136
192,0.00966811627374685
128,0.003222705424582284
0,0.0
0,0.0
0,0.0
0,0.003222705424582284
0,0.0
0,0.0
0,0.0
0,0.0
64,0.00966811627374685
256,0.012890821698329136
256,0.00966811627374685
128,0.006445410849164568
64,0.0
0,0.0
0,0.0
0,0.0
0,0.0
0,0.0
0,0.0
0,0.0
0,0.0
64,0.006445410849164568
192,0.012890821698329136
192,0.006445410849164568
128,0.006445410849164568
64,0.0
0,0.0
0,0.0
0,0.0
64,0.003222705424582284
64,0.003222705424582284
64,0.003222705424582284
0,0.0
0,0.0
128,0.00966811627374685
256,0.012890821698329136
256,0.006445410849164568
128,0.006445410849164568
64,0.0
0,0.0
0,0.0
0,0.0
0,0.0
0,0.003222705424582284
0,0.0
0,0.0
0,0.003222705424582284
192,0.012890821698329136
256,0.012890821698329136
192,0.00966811627374685
128,0.003222705424582284
0,0.0
0,0.0
0,0.0
0,0.0
0,0.0
0,0.0
0,0.0
0,0.0
0,0.003222705424582284
192,0.012890821698329136
256,0.012890821698329136
192,0.006445410849164568
128,0.003222705424582284
0,0.0
0,0.0
0,0.0
0,0.0
0,0.0
0,0.0
0,0.0
0,0.0
0,0.006445410849164568
192,0.012890821698329136
256,0.012890821698329136
192,0.006445410849164568
128,0.003222705424582284
0,0.0
0,0.0
0,0.0
0,0.003222705424582284
64,0.0
0,0.0
0,0.0
0,0.0
0,0.006445410849164568
192,0.012890821698329136
256,0.00966811627374685
128,0.006445410849164568
128,0.003222705424582284
0,0.0
0,0.0
0,0.0
0,0.0
0,0.0
0,0.0
0,0.0
0,0.0
0,0.006445410849164568
192,0.012890821698329136
256,0.00966811627374685
128,0.006445410849164568
128,0.0
0,0.0
0,0.0
0,0.0
0,0.0
0,0.0
0,0.0
0,0.0
0,0.0
0,0.006445410849164568
192,0.012890821698329136
256,0.00966811627374685
128,0.006445410849164568
128,0.0
0,0.0
0,0.0
0,0.0
0,0.0
0,0.0
0,0.0
0,0.0
0,0.0
64,0.006445410849164568
192,0.012890821698329136
256,0.00966811627374685
192,0.006445410849164568
128,0.003222705424582284
0,0.0
0,0.0
0,0.0
0,0.0
0,0.0
0,0.0
0,0.0
0,0.0
64,0.43828793774319064
8000,0.5381918059052415
8640,0.3770565346761272
5632,0.20625314717326618
2752,0.19980773632410162
2432,0.21592126344701304
2624,0.07412222476539253
640,0.016113527122911423
0,0.041895170519569695
256,0.0
0,0.0
0,0.0
0,0.0
0,0.0
0,0.0
0,0.0
0,0.0
0,0.0
0,0.0
0,0.0
0,0.0
0,0.0
0,0.0
0,0.0
0,0.0
0,0.0
0,0.0
0,0.0
0,0.0
0,0.0
0,0.0
0,0.0
0,0.0
0,0.0
0,0.0
0,0.0
0,0.0
0,0.0
0,0.0
0,0.0
0,0.0
0,0.0
0,0.0
0,0.0
0,0.0
0,0.0
0,0.0
0,0.0
64,0.003222705424582284
64,0.0
0,0.0
0,0.003222705424582284
128,0.006445410849164568
128,0.003222705424582284
0,0.0
0,0.0
0,0.0
0,0.0
0,0.0
0,0.0
0,0.0
0,0.0
0,0.0
0,0.0
64,0.00966811627374685
256,0.016113527122911423
320,0.012890821698329136
192,0.00966811627374685
128,0.003222705424582284
0,0.0
0,0.0
0,0.0
0,0.0
0,0.0
0,0.0
0,0.0
0,0.0
64,0.006445410849164568
192,0.012890821698329136
256,0.012890821698329136
192,0.00966811627374685
128,0.003222705424582284
0,0.0
0,0.0
0,0.0
0,0.0
0,0.0
0,0.0
0,0.0
0,0.0
64,0.00966811627374685
256,0.012890821698329136
256,0.00966811627374685
192,0.006445410849164568
128,0.0
0,0.0
0,0.0
0,0.0
0,0.0
0,0.0
0,0.0
0,0.0
0,0.0
128,0.00966811627374685
192,0.012890821698329136
192,0.006445410849164568
128,0.006445410849164568
64,0.0
0,0.0
0,0.0
0,0.0
0,0.003222705424582284
64,0.003222705424582284
64,0.003222705424582284
0,0.0
0,0.0
128,0.00966811627374685
256,0.012890821698329136
256,0.00966811627374685
128,0.006445410849164568
64,0.0
0,0.0
0,0.0
0,0.0
0,0.0
0,0.0
0,0.0
0,0.0
0,0.0
128,0.00966811627374685
256,0.012890821698329136
192,0.006445410849164568
128,0.006445410849164568
0,0.0
0,0.0
0,0.0
0,0.0
0,0.0
0,0.0
0,0.0
0,0.0
0,0.0
128,0.00966811627374685
256,0.016113527122911423
256,0.00966811627374685
192,0.006445410849164568
64,0.0
0,0.0
0,0.0
0,0.0
0,0.0
0,0.0
0,0.0
0,0.0
0,0.0
128,0.00966811627374685
256,0.012890821698329136
192,0.00966811627374685
192,0.006445410849164568
64,0.0
0,0.0
0,0.0
0,0.0
0,0.0
0,0.0
0,0.0
0,0.0
0,0.003222705424582284
192,0.012890821698329136
256,0.012890821698329136
192,0.006445410849164568
128,0.003222705424582284
0,0.0
0,0.0
0,0.0
0,0.003222705424582284
64,0.003222705424582284
0,0.0
0,0.0
0,0.0
0,0.006445410849164568
192,0.012890821698329136
256,0.012890821698329136
192,0.006445410849164568
128,0.003222705424582284
0,0.0
0,0.0
0,0.0
0,0.0
0,0.0
0,0.003222705424582284
0,0.0
0,0.0
0,0.006445410849164568
192,0.012890821698329136
256,0.012890821698329136
192,0.006445410849164568
128,0.003222705424582284
0,0.0
0,0.0
0,0.0
0,0.0
0,0.0
0,0.0
0,0.0
0,0.0
0,0.006445410849164568
192,0.012890821698329136
256,0.012890821698329136
192,0.00966811627374685
128,0.003222705424582284
0,0.0
0,0.0
0,0.0
0,0.0
0,0.0
0,0.0
0,0.0
0,0.0
0,0.006445410849164568
192,0.012890821698329136
256,0.00966811627374685
192,0.006445410849164568
128,0.003222705424582284
0,0.0
0,0.0
0,0.0
0,0.0
0,0.0
0,0.0
0,0.24170290684367132
3328,0.4447333485923552
6656,0.261039139391165
3840,0.1417990386816205
2432,0.08379034103913939
3712,0.13857633325703822
1728,0.0386724650949874
320,0.0
512,0.0
0,0.0
0,0.0
0,0.0
0,0.0
0,0.0
0,0.0
0,0.0
64,0.003222705424582284
64,0.0
0,0.0
0,0.0
0,0.0
0,0.0
0,0.0
0,0.0
0,0.0
0,0.0
0,0.0
0,0.0
0,0.0
64,0.00966811627374685
192,0.003222705424582284
0,0.0
0,0.0
0,0.0
0,0.0
0,0.0
0,0.0
0,0.0
0,0.0
0,0.0
0,0.0
0,0.0
0,0.003222705424582284
64,0.0
0,0.0
0,0.0
0,0.0
0,0.0
0,0.0
64,0.003222705424582284
64,0.003222705424582284
64,0.0
0,0.0
0,0.0
0,0.003222705424582284
128,0.006445410849164568
128,0.003222705424582284
0,0.0
0,0.0
0,0.0
0,0.0
0,0.0
0,0.0
0,0.0
64,0.003222705424582284
0,0.0
64,0.00966811627374685
256,0.016113527122911423
320,0.012890821698329136
192,0.006445410849164568
128,0.0
0,0.0
0,0.0
0,0.0
0,0.0
0,0.0
0,0.0
0,0.0
0,0.0
64,0.00966811627374685
256,0.016113527122911423
320,0.012890821698329136
192,0.00966811627374685
192,0.003222705424582284
0,0.0
0,0.0
0,0.0
0,0.0
0,0.0
0,0.0
0,0.0
0,0.0
64,0.00966811627374685
256,0.012890821698329136
256,0.00966811627374685
192,0.006445410849164568
128,0.0
0,0.0
0,0.0
0,0.0
0,0.0
0,0.0
0,0.0
0,0.0
0,0.0
64,0.00966811627374685
192,0.012890821698329136
192,0.00966811627374685
128,0.006445410849164568
64,0.0
0,0.0
0,0.0
0,0.0
64,0.003222705424582284
64,0.003222705424582284
64,0.003222705424582284
0,0.0
0,0.0
128,0.00966811627374685
256,0.012890821698329136
192,0.006445410849164568
128,0.006445410849164568
64,0.0
0,0.0
0,0.0
0,0.0
0,0.0
0,0.0
0,0.0
0,0.0
0,0.003222705424582284
192,0.012890821698329136
256,0.00966811627374685
128,0.006445410849164568
128,0.003222705424582284
0,0.0
0,0.0
0,0.0
0,0.0
0,0.0
0,0.0
0,0.0
0,0.0
64,0.00966811627374685
256,0.012890821698329136
256,0.00966811627374685
192,0.00966811627374685
128,0.0
0,0.0
0,0.0
0,0.0
0,0.0
0,0.0
0,0.0
0,0.0
0,0.0
64,0.00966811627374685
256,0.012890821698329136
256,0.00966811627374685
192,0.006445410849164568
128,0.0
0,0.0
0,0.0
0,0.0
0,0.0
0,0.0
0,0.0
0,0.0
0,0.003222705424582284
128,0.00966811627374685
256,0.012890821698329136
192,0.006445410849164568
128,0.003222705424582284
0,0.0
0,0.0
0,0.0
0,0.0
0,0.0
0,0.0
0,0.0
0,0.0
0,0.003222705424582284
192,0.012890821698329136
256,0.012890821698329136
128,0.006445410849164568
128,0.003222705424582284
0,0.0
0,0.0
0,0.0
0,0.003222705424582284
64,0.003222705424582284
64,0.003222705424582284
0,0.0
0,0.0
64,0.00966811627374685
2688,0.0773449301899748
16832,0.6671000228885328
10368,0.39639276722362093
5760,0.25781643396658277
4480,0.5124101625085832
7552,0.27715266651407644
3904,0.13857633325703822
1664,0.2223666742961776
3008,0.09668116273746853
1024,0.0193362325474937
0,0.0612314030670634
448,0.006445410849164568
0,0.0
0,0.0
0,0.0
0,0.0
0,0.0
0,0.0
0,0.0
0,0.0
0,0.0
0,0.0
0,0.0
0,0.0
0,0.0
0,0.0
0,0.0
0,0.0
0,0.0
0,0.0
0,0.0
0,0.0
0,0.0
0,0.0
0,0.0
0,0.0
0,0.0
0,0.0
0,0.0
0,0.0
0,0.0
0,0.0
0,0.0
0,0.0
0,0.0
0,0.0
0,0.0
0,0.0
0,0.0
0,0.0
0,0.0
0,0.0
0,0.0
0,0.0
0,0.0
0,0.0
0,0.0
0,0.0
0,0.0
0,0.0
0,0.0
0,0.0
0,0.0
0,0.0
64,0.006445410849164568
128,0.003222705424582284
0,0.0
0,0.0
0,0.0
0,0.0
0,0.0
0,0.0
0,0.0
0,0.0
0,0.0
0,0.0
128,0.00966811627374685
192,0.00966811627374685
128,0.006445410849164568
64,0.003222705424582284
0,0.0
0,0.0
0,0.0
0,0.0
0,0.0
0,0.0
0,0.0
0,0.0
0,0.003222705424582284
128,0.00966811627374685
192,0.00966811627374685
128,0.003222705424582284
64,0.003222705424582284
0,0.0
0,0.0
0,0.0
0,0.0
0,0.0
0,0.0
0,0.0
0,0.0
0,0.006445410849164568
192,0.012890821698329136
256,0.012890821698329136
192,0.00966811627374685
128,0.006445410849164568
0,0.0
0,0.0
0,0.0
0,0.0
0,0.0
0,0.0
0,0.0
0,0.0
0,0.006445410849164568
192,0.012890821698329136
256,0.00966811627374685
128,0.006445410849164568
64,0.0
0,0.0
0,0.0
0,0.0
0,0.0
0,0.0
0,0.0
0,0.0
0,0.0
64,0.00966811627374685
256,0.012890821698329136
256,0.00966811627374685
128,0.006445410849164568
64,0.0
0,0.0
0,0.0
0,0.0
0,0.0
0,0.0
0,0.0
0,0.0
0,0.0
128,0.00966811627374685
256,0.012890821698329136
576,0.006445410849164568
2560,0.14824444953078506
3456,0.10312657358663309
896,0.006445410849164568
1920,0.048340581368734266
512,0.003222705424582284
0,0.0
448,0.003222705424582284
0,0.0
0,0.0
0,0.0
0,0.006445410849164568
192,0.006445410849164568
0,0.0
0,0.0
0,0.0
0,0.0
0,0.0
0,0.0
0,0.0
0,0.0
0,0.0
0,0.0
0,0.0
64,0.003222705424582284
128,0.006445410849164568
64,0.003222705424582284
64,0.0
0,0.0
0,0.0
0,0.0
0,0.0
0,0.0
0,0.0
0,0.0
0,0.0
0,0.003222705424582284
192,0.00966811627374685
256,0.00966811627374685
128,0.003222705424582284
64,0.0
0,0.0
0,0.0
0,0.0
0,0.0
0,0.0
0,0.0
0,0.0
0,0.0
0,0.006445410849164568
192,0.012890821698329136
256,0.00966811627374685
128,0.006445410849164568
128,0.003222705424582284
0,0.0
0,0.0
0,0.0
0,0.0
0,0.0
0,0.0
0,0.0
0,0.003222705424582284
192,0.012890821698329136
256,0.012890821698329136
192,0.00966811627374685
192,0.003222705424582284
0,0.0
0,0.0
0,0.0
0,0.0
0,0.0
0,0.0
0,0.0
0,0.0
0,0.006445410849164568
256,0.012890821698329136
256,0.00966811627374685
192,0.006445410849164568
128,0.003222705424582284
0,0.0
0,0.0
0,0.0
0,0.003222705424582284
64,0.003222705424582284
64,0.003222705424582284
64,0.0
0,0.0
64,0.00966811627374685
256,0.012890821698329136
256,0.00966811627374685
192,0.006445410849164568
128,0.003222705424582284
0,0.0
0,0.0
0,0.0
0,0.0
0,0.0
0,0.0
0,0.0
0,0.0
64,0.00966811627374685
256,0.012890821698329136
256,0.00966811627374685
128,0.006445410849164568
64,0.0
0,0.0
0,0.0
0,0.0
0,0.0
0,0.0
0,0.0
0,0.0
0,0.0
128,0.00966811627374685
256,0.012890821698329136
192,0.00966811627374685
128,0.006445410849164568
0,0.0
0,0.00966811627374685
384,0.006445410849164568
0,0.0
0,0.0
0,0.0
0,0.0
0,0.0
0,0.00966811627374685
320,0.016113527122911423
320,0.012890821698329136
256,0.012890821698329136
192,0.0
0,0.0
0,0.0
0,0.0
0,0.0
0,0.0
0,0.003222705424582284
64,0.003222705424582284
64,0.003222705424582284
128,0.00966811627374685
256,0.012890821698329136
192,0.006445410849164568
64,0.003222705424582284
0,0.0
0,0.0
0,0.0
0,0.003222705424582284
64,0.003222705424582284
64,0.0
0,0.0
0,0.0
0,0.0
64,0.00966811627374685
192,0.012890821698329136
256,0.00966811627374685
128,0.006445410849164568
64,0.0
0,0.0
0,0.0
0,0.0
0,0.0
0,0.0
0,0.0
0,0.0
0,0.0
128,0.00966811627374685
256,0.012890821698329136
192,0.006445410849164568
128,0.006445410849164568
64,0.0
0,0.0
0,0.0
0,0.0
0,0.0
0,0.0
0,0.0
0,0.0
0,0.003222705424582284
128,0.00966811627374685
256,0.012890821698329136
192,0.00966811627374685
192,0.006445410849164568
64,0.0
0,0.0
0,0.0
0,0.0
0,0.0
0,0.0
0,0.0
0,0.0
0,0.006445410849164568
192,0.012890821698329136
320,0.012890821698329136
192,0.00966811627374685
128,0.003222705424582284
0,0.0
0,0.0
0,0.0
0,0.0
0,0.0
0,0.0
64,0.0
0,0.0
0,0.006445410849164568
192,0.012890821698329136
256,0.012890821698329136
192,0.006445410849164568
128,0.003222705424582284
0,0.0
0,0.0
0,0.0
0,0.003222705424582284
64,0.003222705424582284
0,0.0
0,0.0
0,0.0
0,0.006445410849164568
192,0.012890821698329136
256,0.012890821698329136
192,0.006445410849164568
128,0.003222705424582284
0,0.0
0,0.0
0,0.0
0,0.0
0,0.0
0,0.0
0,0.0
0,0.0
0,0.006445410849164568
192,0.012890821698329136
256,0.012890821698329136
192,0.006445410849164568
128,0.003222705424582284
0,0.0
0,0.0
0,0.0
0,0.0
0,0.0
0,0.003222705424582284
192,0.0
7040,0.2674845502403296
4800,0.1804715037766079
2560,0.09023575188830395
3136,0.10634927901121537
2240,0.06445410849164569
576,0.006445410849164568
704,0.003222705424582284
0,0.0
0,0.016113527122911423
320,0.006445410849164568
0,0.0
320,0.035449759670405125
64,0.0
0,0.003222705424582284
0,0.0
0,0.0
192,0.0
0,0.0
0,0.0
0,0.0
0,0.0
0,0.0
0,0.0
0,0.0
0,0.0
0,0.0
0,0.0
0,0.0
128,0.006445410849164568
64,0.0
0,0.0
0,0.0
0,0.0
0,0.0
0,0.0
0,0.0
0,0.0
0,0.0
0,0.0
0,0.0
64,0.006445410849164568
128,0.003222705424582284
0,0.0
0,0.0
0,0.0
0,0.0
0,0.0
0,0.0
0,0.0
0,0.0
0,0.0
0,0.0
0,0.003222705424582284
128,0.00966811627374685
192,0.00966811627374685
128,0.003222705424582284
64,0.0
0,0.0
0,0.0
0,0.0
0,0.0
0,0.0
0,0.0
0,0.0
0,0.0
64,0.006445410849164568
192,0.012890821698329136
256,0.00966811627374685
128,0.003222705424582284
64,0.0
0,0.0
0,0.0
0,0.0
0,0.003222705424582284
64,0.003222705424582284
64,0.003222705424582284
0,0.0
0,0.0
64,0.006445410849164568
192,0.012890821698329136
256,0.00966811627374685
192,0.006445410849164568
128,0.003222705424582284
0,0.0
0,0.0
0,0.0
0,0.0
0,0.0
0,0.0
0,0.0
0,0.0
64,0.00966811627374685
256,0.012890821698329136
256,0.00966811627374685
192,0.006445410849164568
128,0.0
0,0.0
0,0.0
0,0.0
0,0.0
0,0.0
0,0.0
0,0.0
0,0.0
64,0.00966811627374685
256,0.012890821698329136
256,0.00966811627374685
128,0.006445410849164568
64,0.0
0,0.0
0,0.0
0,0.0
0,0.0
0,0.0
0,0.0
0,0.0
0,0.0
64,0.00966811627374685
256,0.012890821698329136
256,0.00966811627374685
128,0.006445410849164568
64,0.0
0,0.0
0,0.0
0,0.0
0,0.0
0,0.0
0,0.0
0,0.0
0,0.003222705424582284
192,0.012890821698329136
256,0.012890821698329136
192,0.006445410849164568
128,0.003222705424582284
0,0.0
0,0.0
0,0.0
0,0.0
0,0.0
0,0.0
0,0.0
0,0.0
0,0.006445410849164568
192,0.012890821698329136
256,0.00966811627374685
128,0.006445410849164568
128,0.0
0,0.0
0,0.0
0,0.0
0,0.0
0,0.0
0,0.0
0,0.0
0,0.0
64,0.00966811627374685
256,0.012890821698329136
256,0.00966811627374685
192,0.006445410849164568
128,0.0
0,0.0
0,0.0
0,0.0
0,0.0
0,0.0
0,0.0
0,0.0
0,0.0
384,0.016113527122911423
128,0.4737376974135958
7296,0.37383382925154496
5568,0.2030304417486839
2944,0.18691691462577248
3904,0.16113527122911422
1920,0.045117875944151974
1344,0.041895170519569695
1024,0.025781643396658272
128,0.0
320,0.0
64,0.0
0,0.0
0,0.003222705424582284
832,0.022558937972075987
64,0.0
0,0.0
0,0.0
0,0.0
0,0.0
0,0.0
0,0.0
0,0.0
0,0.0
0,0.0
0,0.0
0,0.0
0,0.0
0,0.0
0,0.0
0,0.0
0,0.0
0,0.0
0,0.0
0,0.0
0,0.0
0,0.0
0,0.0
0,0.0
0,0.003222705424582284
128,0.003222705424582284
0,0.0
0,0.0
0,0.0
0,0.0
0,0.0
0,0.0
0,0.0
0,0.0
0,0.0
0,0.0
128,0.006445410849164568
192,0.006445410849164568
64,0.003222705424582284
64,0.0
0,0.0
0,0.0
0,0.0
0,0.0
0,0.0
0,0.0
0,0.0
0,0.0
64,0.006445410849164568
192,0.012890821698329136
256,0.00966811627374685
192,0.006445410849164568
128,0.0
0,0.0
0,0.0
0,0.0
0,0.0
0,0.0
0,0.0
0,0.0
0,0.0
128,0.00966811627374685
256,0.016113527122911423
256,0.00966811627374685
128,0.006445410849164568
0,0.0
0,0.0
0,0.0
0,0.0
64,0.003222705424582284
64,0.003222705424582284
64,0.0
0,0.0
0,0.003222705424582284
128,0.00966811627374685
256,0.012890821698329136
192,0.006445410849164568
128,0.003222705424582284
0,0.0
0,0.0
0,0.0
0,0.0
0,0.003222705424582284
0,0.0
0,0.0
0,0.0
0,0.003222705424582284
192,0.012890821698329136
256,0.012890821698329136
192,0.00966811627374685
128,0.006445410849164568
0,0.0
0,0.0
0,0.0
0,0.0
0,0.0
0,0.0
0,0.0
0,0.0
0,0.006445410849164568
192,0.012890821698329136
256,0.00966811627374685
128,0.006445410849164568
128,0.003222705424582284
0,0.0
0,0.0
0,0.0
0,0.0
0,0.0
0,0.0
0,0.0
0,0.0
0,0.006445410849164568
192,0.012890821698329136
256,0.00966811627374685
128,0.006445410849164568
128,0.003222705424582284
0,0.0
0,0.0
0,0.0
0,0.0
0,0.0
0,0.0
0,0.0
0,0.0
0,0.006445410849164568
192,0.012890821698329136
256,0.00966811627374685
192,0.006445410849164568
128,0.003222705424582284
0,0.0
0,0.0
0,0.0
0,0.0
0,0.0
0,0.0
0,0.0
0,0.0
0,0.006445410849164568
192,0.012890821698329136
256,0.00966811627374685
128,0.006445410849164568
128,0.0
0,0.0
0,0.0
0,0.0
0,0.0
0,0.0
0,0.0
0,0.0
0,0.0
64,0.00966811627374685
192,0.012890821698329136
256,0.00966811627374685
128,0.006445410849164568
64,0.0
0,0.0
0,0.0
0,0.0
0,0.0
0,0.0
0,0.0
0,0.0
0,0.003222705424582284
192,0.012890821698329136
256,0.012890821698329136
192,0.006445410849164568
128,0.003222705424582284
0,0.0
0,0.0
0,0.0
0,0.0
0,0.0
0,0.0
0,0.0
0,0.0
0,0.006445410849164568
192,0.012890821698329136
256,0.012890821698329136
192,0.006445410849164568
128,0.003222705424582284
0,0.0
0,0.0
0,0.0
0,0.0
0,0.0
0,0.0
0,0.0
0,0.0
0,0.006445410849164568
1216,0.041895170519569695
2816,0.19980773632410162
3776,0.12568551155870908
1472,0.045117875944151974
2112,0.0612314030670634
448,0.0
0,0.045117875944151974
448,0.006445410849164568
0,0.003222705424582284
0,0.012890821698329136
0,0.0
0,0.0
0,0.0
0,0.003222705424582284
0,0.0
0,0.0
0,0.0
0,0.0
0,0.0
0,0.0
0,0.0
0,0.0
0,0.0
0,0.0
0,0.0
0,0.003222705424582284
64,0.006445410849164568
64,0.003222705424582284
64,0.003222705424582284
0,0.0
0,0.0
0,0.0
0,0.0
0,0.0
0,0.0
0,0.0
0,0.0
1088,0.035449759670405125
768,0.0193362325474937
256,0.00966811627374685
640,0.00966811627374685
0,0.0
128,0.0
0,0.0
0,0.0
0,0.0
0,0.0
0,0.0
0,0.0
0,0.0
0,0.0
64,0.006445410849164568
192,0.00966811627374685
128,0.003222705424582284
128,0.003222705424582284
0,0.0
0,0.0
0,0.0
0,0.0
0,0.0
0,0.0
0,0.0
0,0.0
0,0.003222705424582284
192,0.012890821698329136
256,0.012890821698329136
192,0.006445410849164568
128,0.003222705424582284
0,0.0
0,0.0
0,0.0
0,0.0
0,0.0
0,0.0
0,0.0
0,0.0
0,0.003222705424582284
192,0.00966811627374685
256,0.00966811627374685
128,0.006445410849164568
128,0.003222705424582284
0,0.0
0,0.0
0,0.0
0,0.0
0,0.0
0,0.0
0,0.0
0,0.0
0,0.003222705424582284
192,0.012890821698329136
256,0.012890821698329136
192,0.006445410849164568
128,0.003222705424582284
0,0.0
0,0.0
0,0.0
0,0.0
0,0.0
0,0.0
0,0.0
0,0.0
0,0.006445410849164568
192,0.012890821698329136
256,0.012890821698329136
192,0.006445410849164568
128,0.003222705424582284
0,0.0
0,0.0
0,0.0
0,0.0
0,0.0
0,0.0
0,0.0
0,0.0
0,0.006445410849164568
192,0.012890821698329136
256,0.012890821698329136
192,0.006445410849164568
128,0.003222705424582284
0,0.0
0,0.0
0,0.0
0,0.0
0,0.0
0,0.0
0,0.0
0,0.0
0,0.006445410849164568
192,0.012890821698329136
256,0.00966811627374685
128,0.006445410849164568
64,0.0
0,0.0
0,0.0
0,0.0
0,0.0
0,0.0
0,0.0
0,0.0
0,0.0
128,0.00966811627374685
256,0.012890821698329136
256,0.00966811627374685
128,0.006445410849164568
64,0.0
0,0.0
0,0.0
0,0.0
0,0.0
0,0.0
0,0.0
0,0.0
0,0.003222705424582284
128,0.00966811627374685
256,0.012890821698329136
512,0.032227054245822846
1152,0.23848020141908902
5120,0.1836942092011902
2176,0.051563286793316544
3200,0.10634927901121537
1536,0.0386724650949874
256,0.0
1088,0.022558937972075987
128,0.0
0,0.0
64,0.0
0,0.0
64,0.0
0,0.0
0,0.0
0,0.0
0,0.0
0,0.0
0,0.0
0,0.0
0,0.0
0,0.0
0,0.0
0,0.0
0,0.003222705424582284
64,0.003222705424582284
0,0.0
0,0.0
0,0.0
0,0.0
0,0.0
0,0.0
0,0.0
0,0.0
0,0.0
0,0.0
0,0.003222705424582284
128,0.00966811627374685
192,0.006445410849164568
64,0.003222705424582284
64,0.0
0,0.0
0,0.0
0,0.0
0,0.0
0,0.0
0,0.0
0,0.0
0,0.0
0,0.006445410849164568
192,0.00966811627374685
192,0.006445410849164568
128,0.006445410849164568
64,0.0
0,0.0
0,0.0
0,0.0
0,0.0
0,0.0
0,0.0
0,0.0
0,0.006445410849164568
192,0.012890821698329136
256,0.00966811627374685
192,0.00966811627374685
128,0.003222705424582284
0,0.0
0,0.0
0,0.0
0,0.0
